Artista,Titolo,File
"Guido De Angelis, Maurizio De Angelis",Altrimenti ci arrabbiamo (Ball Room Dance),C:\Users\acoac\OneDrive\DjAco\TRACCE\altre\Altrimenti ci arrabbiamo Ball Room Dance.mp3
"Happy Birthday, Happy Birthday Library, Happy Birthday Group",Happy Birthday To You (Ska Version),C:\Users\acoac\OneDrive\DjAco\TRACCE\altre\Happy Birthday To You (Ska Version).mp3
O mia bella Madunina,O mia bella Madunina,C:\Users\acoac\OneDrive\DjAco\TRACCE\altre\O mia bella Madunina-Milano.mp3
,Tanti Auguri  Alessandra - Buon compleanno - Happy Birthday,C:\Users\acoac\OneDrive\DjAco\TRACCE\altre\Tanti Auguri Alessandra - Buon compleanno - Happy Birthday.mp3
Trilli Trilli Trilli,Trilli Trilli Trilli,C:\Users\acoac\OneDrive\DjAco\TRACCE\altre\TRILLI - TRILLI TRILLI.mp3
Trilli Trilli Trilli,Trilli Trilli (extended mix),C:\Users\acoac\OneDrive\DjAco\TRACCE\altre\Trilli Trilli (extended mix).mp3
Baby Dance,Il bruco bertoldo,C:\Users\acoac\OneDrive\DjAco\TRACCE\baby dance\BABY DANCE Il bruco bertoldo.mp3
Baby Dance,Chu chu ua (Choo Choo wah) - Spanish version,C:\Users\acoac\OneDrive\DjAco\TRACCE\baby dance\Brigada Boom - Chu chu ua (Choo Choo wah) - Spanish version .mp3
,Bumbum Chacha - Carolina Benvenga & Topo Tip - Canzoni bambini e baby dance,C:\Users\acoac\OneDrive\DjAco\TRACCE\baby dance\Bumbum Chacha - Carolina Benvenga & Topo Tip - Canzoni bambini e baby dance.mp3
Baby Dance,Il Coccodrillo Come Fa,C:\Users\acoac\OneDrive\DjAco\TRACCE\baby dance\DD Company - Il Coccodrillo Come Fa .mp3
,Gigibabalulù - Carolina Benvenga & Topo Tip - Canzoni bambini e baby dance,C:\Users\acoac\OneDrive\DjAco\TRACCE\baby dance\Gigibabalulù - Carolina Benvenga & Topo Tip - Canzoni bambini e baby dance.mp3
,Il Pagante - Settimana Bianca (Official Video),C:\Users\acoac\OneDrive\DjAco\TRACCE\baby dance\Il Pagante - Settimana Bianca (Official Video).mp3
Baby Dance,Katalicammello| Canzoni bambini e babydance |Carolina & Topo Tip: balla con noi!,C:\Users\acoac\OneDrive\DjAco\TRACCE\baby dance\Katalicammello_ Canzoni bambini e babydance _Carolina _ Topo Tip_ balla con noi!.mp3
,L'incredibile Hulk sigla HQ,C:\Users\acoac\OneDrive\DjAco\TRACCE\baby dance\L incredibile Hulk sigla HQ.mp3
Baby Dance,LA DANZA PER LA PANZA - (Dance Tutorial) - Kids Dance,C:\Users\acoac\OneDrive\DjAco\TRACCE\baby dance\LA DANZA PER LA PANZA - (Dance Tutorial) - Kids Dance.mp3
,"La ragazza dall'Olanda - Dj Matrix, Matt Joe (official video)","C:\Users\acoac\OneDrive\DjAco\TRACCE\baby dance\La ragazza dall Olanda - Dj Matrix, Matt Joe (official video).mp3"
Baby Dance,Giro Giro Tondo - Canzoni Per Bambini,C:\Users\acoac\OneDrive\DjAco\TRACCE\baby dance\La Superstar Delle Canzoni Per Bambini - Giro Giro Tondo - Canzoni Per Bambini .mp3
Baby Dance,Il ballo del Qua Qua,C:\Users\acoac\OneDrive\DjAco\TRACCE\baby dance\La Superstar Delle Canzoni Per Bambini - Il ballo del Qua Qua .mp3
Baby Dance,La Bella Lavanderina - Canzoni Per Bambini,C:\Users\acoac\OneDrive\DjAco\TRACCE\baby dance\La Superstar Delle Canzoni Per Bambini - La Bella Lavanderina - Canzoni Per Bambini .mp3
Baby Dance,Tanti auguri a te,C:\Users\acoac\OneDrive\DjAco\TRACCE\baby dance\La Superstar Delle Canzoni Per Bambini - Tanti auguri a te .mp3
Baby Dance,Maledetti scarafaggi - sigla completa,C:\Users\acoac\OneDrive\DjAco\TRACCE\baby dance\Maledetti scarafaggi - sigla completa.mp3
Mr. Rain,Supereroi,C:\Users\acoac\OneDrive\DjAco\TRACCE\baby dance\Mr.Rain - SUPEREROI.mp3
Tony Tammaro,Patrizia,C:\Users\acoac\OneDrive\DjAco\TRACCE\baby dance\Patrizia.mp3
Baby Dance,Pesciolino Dance| Canzoni bambini e babydance |Carolina & Topo Tip: balla con noi!,C:\Users\acoac\OneDrive\DjAco\TRACCE\baby dance\Pesciolino Dance_ Canzoni bambini e babydance _Carolina _ Topo Tip_ balla con noi!.mp3
2Pac,California Love,C:\Users\acoac\OneDrive\DjAco\TRACCE\hiphop\2Pac_-_California_Love_Original_Version.mp3
2Pac,Changes,C:\Users\acoac\OneDrive\DjAco\TRACCE\hiphop\2Pac_-_Changes_ft._Talent.mp3
50 Cent,P.I.M.P.,C:\Users\acoac\OneDrive\DjAco\TRACCE\hiphop\50 Cent - P.I.M.P. .mp3
Aaliyah,Try Again,C:\Users\acoac\OneDrive\DjAco\TRACCE\hiphop\Aaliyah - Try Again .mp3
Beyoncé feat. Jay Z,Bonnie & Clyde,C:\Users\acoac\OneDrive\DjAco\TRACCE\hiphop\Beyonce_feat_Jay_Z_Bonnie_&_Clyde.mp3
"Busta Rhymes, Mariah Carey",I Know What You Want (Video) ft. Flipmode Squad (192  kbps),"C:\Users\acoac\OneDrive\DjAco\TRACCE\hiphop\Busta Rhymes, Mariah Carey - I Know What You Want (Video) ft. Flipmode Squad (192  kbps).mp3"
Coolio,Gangstas Paradise,C:\Users\acoac\OneDrive\DjAco\TRACCE\hiphop\Coolio - Gangstas Paradise.mp3
Eminem,Eminem - Lose Yourself,C:\Users\acoac\OneDrive\DjAco\TRACCE\hiphop\Eminem  Lose Yourself.mp3
Eminem,Eminem - Without Me (Audio),C:\Users\acoac\OneDrive\DjAco\TRACCE\hiphop\Eminem  Without Me Audio.mp3
,Kendrick Lamar - Not Like Us,C:\Users\acoac\OneDrive\DjAco\TRACCE\hiphop\Kendrick Lamar - Not Like Us.mp3
Luniz,I Got 5 on It,C:\Users\acoac\OneDrive\DjAco\TRACCE\hiphop\Luniz - I Got 5 on It .mp3
Mary J. Blige,Family Affair,C:\Users\acoac\OneDrive\DjAco\TRACCE\hiphop\Mary J. Blige - Family Affair .mp3
Shaggy,Mr. Boombastic,C:\Users\acoac\OneDrive\DjAco\TRACCE\hiphop\Mr.__Bombastic_-_Shaggy.mp3
Naughty by Nature,Hip Hop Hooray,C:\Users\acoac\OneDrive\DjAco\TRACCE\hiphop\Naughty by Nature - Hip Hop Hooray (Official Music Video).mp3
Vanilla Ice,Ice Ice Baby,C:\Users\acoac\OneDrive\DjAco\TRACCE\hiphop\Vanilla Ice - Ice Ice Baby (Official Music Video).mp3
"Fred again.., Skepta, PlaqueBoyMax, Denzel Curry, Hanumankind, That Mexican OT, D Double E, LYNY",Victory Lap Five,C:\Users\acoac\OneDrive\DjAco\TRACCE\hiphop\Victory Lap Five.mp3
Alvaro Soler,El Mismo Sol,C:\Users\acoac\OneDrive\DjAco\TRACCE\latine\El_Mismo_Sol_-_Alvaro_Soler_LYRICS.mp3
Enrique Iglesias,Subeme la radio,"C:\Users\acoac\OneDrive\DjAco\TRACCE\latine\Enrique Iglesias - SUBEME LA RADIO (Official Video) ft. Descemer Bueno, Zion & Lennox.mp3"
Enrique Iglesias,Bailando,C:\Users\acoac\OneDrive\DjAco\TRACCE\latine\Enrique_Iglesias_-_Bailando_(Español)_ft._Descemer_Bueno_Gente_De_Zona.mp3
Nicky Jam y Enrique Iglesias,El Perdón,C:\Users\acoac\OneDrive\DjAco\TRACCE\latine\Nicky_Jam_y_Enrique_Iglesias_El_Perdón_Official_Music_Video_YTMAs.mp3
Ricky Martin,Maria,C:\Users\acoac\OneDrive\DjAco\TRACCE\latine\Ricky Martin - María (Video (Spanglish) (Remastered)).mp3
Depeche Mode,It's No Good,C:\Users\acoac\OneDrive\DjAco\TRACCE\lente\Depeche Mode - It's no good.mp3
Gotye,Somebody that I used to know,C:\Users\acoac\OneDrive\DjAco\TRACCE\lente\Gotye - Somebody that I used to know (320).mp3
HIM,Wicked Games,C:\Users\acoac\OneDrive\DjAco\TRACCE\lente\HIM - Wicked Games(1).mp3
Liquido,Ordinary Life,C:\Users\acoac\OneDrive\DjAco\TRACCE\lente\Liquido - Ordinary Life.mp3
Natasha Bedingfield,Unwritten,C:\Users\acoac\OneDrive\DjAco\TRACCE\lente\Natasha Bedingfield - Unwritten (Official Video) (as featured in Anyone But You).mp3
Pixies,Where Is My Mind?,C:\Users\acoac\OneDrive\DjAco\TRACCE\lente\Pixies -  Where Is My Mind.mp3
The Weeknd,Save Your Tears,C:\Users\acoac\OneDrive\DjAco\TRACCE\lente\The Weeknd - Save Your Tears (Official Music Video).mp3
Tom Odell,Another Love,C:\Users\acoac\OneDrive\DjAco\TRACCE\lente\Tom Odell - Another Love (Official Video).mp3
Mungo's Hi Fi feat. Marina P,Divorce a l'italienne (Mungo's Hi Fi Mix),C:\Users\acoac\OneDrive\DjAco\TRACCE\reggae\Mungo's Hi Fi feat. Marina P - Divorce a l'italienne (Mungo's Hi Fi Mix) (Mungo's Hi Fi Mix) myfreemp3.vip .mp3
Stevie Wonder,Master Blaster (Jammin'),C:\Users\acoac\OneDrive\DjAco\TRACCE\reggae\Stevie Wonder - Master Blaster (Jammin') myfreemp3.vip .mp3
"Stick Figure, Slightly Stoopid",World on Fire (feat. Slightly Stoopid),"C:\Users\acoac\OneDrive\DjAco\TRACCE\reggae\Stick Figure, Slightly Stoopid - World on Fire (feat. Slightly Stoopid) myfreemp3.vip .mp3"
The Skatalites,Rock Fort Rock,C:\Users\acoac\OneDrive\DjAco\TRACCE\reggae\The Skatalites - Rock Fort Rock myfreemp3.vip .mp3
883,Hanno ucciso l'Uomo Ragno,C:\Users\acoac\OneDrive\DjAco\TRACCE\revival\883 - Hanno ucciso l Uomo Ragno.mp3
883,Nord sud ovest est,C:\Users\acoac\OneDrive\DjAco\TRACCE\revival\883 - Nord sud ovest est (Official Video).mp3
883,Sei Un Mito (Extended Disco Mix),C:\Users\acoac\OneDrive\DjAco\TRACCE\revival\883 - Sei Un Mito (Extended Disco Mix).mp3
883,Nella Notte (Molella Remix),C:\Users\acoac\OneDrive\DjAco\TRACCE\revival\883 nella notte remix molella confusion.mp3
Ace of base,All that she wants,C:\Users\acoac\OneDrive\DjAco\TRACCE\revival\Ace_of_Base_-_All_That_She_Wants_1993.mp3
Afrika Bambaataa,Afrika Bambaataa - Reckless,C:\Users\acoac\OneDrive\DjAco\TRACCE\revival\Afrika Bambaataa - Reckless.mp3
Backstreet Boys,Backstreet Boys - Everybody (Backstreet's Back) (Official HD Video),C:\Users\acoac\OneDrive\DjAco\TRACCE\revival\Backstreet Boys  Everybody Backstreet s Back Official HD Video.mp3
Bananarama,Venus,C:\Users\acoac\OneDrive\DjAco\TRACCE\revival\Bananarama - venus (REMIX-CLASSIC VERSUS 2014) HD.mp3
Betty Curtis,Chariot,C:\Users\acoac\OneDrive\DjAco\TRACCE\revival\Betty Curtis - Chariot - 1962.mp3
Bob Sinclar & Raffaella Carrà,Far l'amore,C:\Users\acoac\OneDrive\DjAco\TRACCE\revival\Bob Sinclar & Raffaella Carra - Far l'Amore ARTWORK VIDEO.mp3
Dario G,Carnaval de Paris,C:\Users\acoac\OneDrive\DjAco\TRACCE\revival\Dario G - Carnaval de Paris (Official Music Video).mp3
Diana Est,Tenax,C:\Users\acoac\OneDrive\DjAco\TRACCE\revival\Diana Est - Tenax.mp3
Haddaway,What Is Love,C:\Users\acoac\OneDrive\DjAco\TRACCE\revival\Disco Anni 90 - Haddaway - What Is Love.mp3
Donna Summer,Donna Summer - I Feel Love [Studio Version],C:\Users\acoac\OneDrive\DjAco\TRACCE\revival\Donna Summer - I Feel Love [Studio Version].mp3
Dori Ghezzi,Margherita non lo sa,C:\Users\acoac\OneDrive\DjAco\TRACCE\revival\Dori Ghezzi - Margherita non lo sa.mp3
Duran Duran,The Wild Boys,C:\Users\acoac\OneDrive\DjAco\TRACCE\revival\Duran Duran - The Wild Boys.mp3
Fatboy Slim,Rockafeller Skank,C:\Users\acoac\OneDrive\DjAco\TRACCE\revival\Fatboy Slim - Rockafeller Skank [Official Video].mp3
Gazebo,I Like Chopin,C:\Users\acoac\OneDrive\DjAco\TRACCE\revival\Gazebo - I Like Chopin (Classic).mp3
Moon Ray,Comanchero,C:\Users\acoac\OneDrive\DjAco\TRACCE\revival\Generazione Anni '80 - Comanchero .mp3
The Stranglers,Golden Brown,C:\Users\acoac\OneDrive\DjAco\TRACCE\revival\Golden Brown - The Stranglers.mp3
Indeep,Last Night A DJ Saved My Life,C:\Users\acoac\OneDrive\DjAco\TRACCE\revival\Indeep - Last Night A DJ Saved My Life (Official Music Video).mp3
Jovanotti,Il Piu' Grande Spettacolo Dopo Il Big Bang,C:\Users\acoac\OneDrive\DjAco\TRACCE\revival\Jovanotti - Il Piu' Grande Spettacolo Dopo Il Big Bang.mp3
Lorella Cuccarini,La Notte Vola,C:\Users\acoac\OneDrive\DjAco\TRACCE\revival\Lorella Cuccarini - La Notte Vola.mp3
Lu Colombo,Maracaibo,C:\Users\acoac\OneDrive\DjAco\TRACCE\revival\Lu ColomboMaracaibo.mp3
Michael Jackson,Billie Jean,C:\Users\acoac\OneDrive\DjAco\TRACCE\revival\Michael Jackson  Billie Jean Official Video.mp3
Pharrel Williams,Happy,C:\Users\acoac\OneDrive\DjAco\TRACCE\revival\Pharrell Williams - Happy.mp3
Portugal  The Man,Feel It Still,C:\Users\acoac\OneDrive\DjAco\TRACCE\revival\Portugal. The Man - Feel It Still (Official Video).mp3
Radiorama,Chance To Desire (Album Version),C:\Users\acoac\OneDrive\DjAco\TRACCE\revival\Radiorama - Chance To Desire (Album Version).mp3
Raf,Self Control,C:\Users\acoac\OneDrive\DjAco\TRACCE\revival\Raf - Self Control - Moonwalk-Remix (2013).mp3
Raffaella Carrà,Pedro Pè (Jaydan Wolf Remix),C:\Users\acoac\OneDrive\DjAco\TRACCE\revival\Raffaella Carrà - Pedro Pè (Jaydan Wolf Remix).mp3
Raffaella Carrà,Rumore 2013 Radio Deejay Remix,C:\Users\acoac\OneDrive\DjAco\TRACCE\revival\Raffaella Carrà - Rumore 2013 Radio Deejay Remix.mp3
Rihanna,Man Down,C:\Users\acoac\OneDrive\DjAco\TRACCE\revival\Rihanna_-_Man_Down_8759.mp3
Sabrina,Boys,C:\Users\acoac\OneDrive\DjAco\TRACCE\revival\Sabrina - Boys (Summertime Love).mp3
Santa Esmeralda,Don't Let Me Be Misunderstood,C:\Users\acoac\OneDrive\DjAco\TRACCE\revival\Santa Esmeralda - Don't Let Me Be MisunderstoodEsmeralda SuiteHQ & Full Version.mp3
Talk Talk,Such A Shame,C:\Users\acoac\OneDrive\DjAco\TRACCE\revival\Talk Talk - Such A Shame.mp3
The Black Eyed Peas,Let's Get It Started,C:\Users\acoac\OneDrive\DjAco\TRACCE\revival\The Black Eyed Peas  Let s Get It Started.mp3
The Black Eyed Peas,The Time (Dirty Bit),C:\Users\acoac\OneDrive\DjAco\TRACCE\revival\The Black Eyed Peas - The Time (Dirty Bit).mp3
Two Man Sound,Disco samba,C:\Users\acoac\OneDrive\DjAco\TRACCE\revival\Two man sound - Disco samba ( ORIGINAL COMPLETO ).mp3
Vasco Rossi,Rewind - Molella Remix,C:\Users\acoac\OneDrive\DjAco\TRACCE\revival\Vasco Rossi Rewind - Molella Remix (Silvio Pecciarelli).mp3
"Black Eyed Peas, Saweetie, Lele Pons",HIT IT,"C:\Users\acoac\OneDrive\DjAco\TRACCE\robbos\robbos 21-22\Black Eyed Peas, Saweetie, Lele Pons - HIT IT (Official Music Video).mp3"
C.C.C.P.,Curami,C:\Users\acoac\OneDrive\DjAco\TRACCE\robbos\robbos 21-22\C.C.C.P. Curami.mp3
Sergent Garcia,Camino de la vida,C:\Users\acoac\OneDrive\DjAco\TRACCE\robbos\robbos 21-22\Camino de la vida.mp3
Cherryoh,Batman,C:\Users\acoac\OneDrive\DjAco\TRACCE\robbos\robbos 21-22\Cherryoh - Batman (Tv Theme Song).mp3
Chica Libre,Popcorn Andino,C:\Users\acoac\OneDrive\DjAco\TRACCE\robbos\robbos 21-22\Chicha Libre - Popcorn Andino myfreemp3.vip .mp3
"Chiello, Shablo",Quanto ti vorrei,"C:\Users\acoac\OneDrive\DjAco\TRACCE\robbos\robbos 21-22\Chiello, Shablo - Quanto ti vorrei.mp3"
Claudio Simonetti,College (1983),C:\Users\acoac\OneDrive\DjAco\TRACCE\robbos\robbos 21-22\CLAUDIO SIMONETTI - College (1983).mp3
Cristina D'Avena,Ti Voglio Bene Denver,C:\Users\acoac\OneDrive\DjAco\TRACCE\robbos\robbos 21-22\Cristina D'Avena - Ti Voglio Bene Denver.mp3
Cristina D'Avena,Mila e Shiro due cuori nella pallavolo (feat. Annalisa),C:\Users\acoac\OneDrive\DjAco\TRACCE\robbos\robbos 21-22\Cristina D-'Avena - Mila e Shiro due cuori nella pallavolo (feat. Annalisa).mp3
Cristina D'Avena,Sailor Moon (feat. Chiara),C:\Users\acoac\OneDrive\DjAco\TRACCE\robbos\robbos 21-22\Cristina D-'Avena - Sailor Moon (feat. Chiara).mp3
Elodie,Bagno a mezzanotte,C:\Users\acoac\OneDrive\DjAco\TRACCE\robbos\robbos 21-22\Elodie - Bagno a mezzanotte (1).mp3
Indochine,L'aventurier,C:\Users\acoac\OneDrive\DjAco\TRACCE\robbos\robbos 21-22\Indochine - L'aventurier (Mix 2020) (Mix 2020) myfreemp3.vip .mp3
Jovanotti,I love you baby,"C:\Users\acoac\OneDrive\DjAco\TRACCE\robbos\robbos 21-22\Jovanotti, Sixpm - I love you baby.mp3"
Lit,Miserable,C:\Users\acoac\OneDrive\DjAco\TRACCE\robbos\robbos 21-22\Lit - Miserable.mp3
Lucio Battisti,Con il nastro rosa,C:\Users\acoac\OneDrive\DjAco\TRACCE\robbos\robbos 21-22\Lucio Battisiti - Con il nastro rosa (Musica con Guida) (Musica con Guida) myfreemp3.vip .mp3
Madame,L’Eccezione,C:\Users\acoac\OneDrive\DjAco\TRACCE\robbos\robbos 21-22\Madame - L’Eccezione (from the Amazon Original Series BANG BANG BABY) (Visual).mp3
Salif Keita vs. Martin Solveig,Madan,C:\Users\acoac\OneDrive\DjAco\TRACCE\robbos\robbos 21-22\Madan.mp3
Mano Negra,Mala Vida,C:\Users\acoac\OneDrive\DjAco\TRACCE\robbos\robbos 21-22\Mano Negra - Mala Vida (Official Music Video).mp3
Marco Mengoni ft. Madame,Mi Fiderò,C:\Users\acoac\OneDrive\DjAco\TRACCE\robbos\robbos 21-22\Marco Mengoni - Mi Fiderò (Official Video) ft. Madame.mp3
Modena City Ramblers,Le Lucertole del Folk,C:\Users\acoac\OneDrive\DjAco\TRACCE\robbos\robbos 21-22\Modena City Ramblers-Le Lucertole del Folk.mp3
New Order,Blue Monday,C:\Users\acoac\OneDrive\DjAco\TRACCE\robbos\robbos 21-22\New Order - Blue Monday myfreemp3.vip .mp3
Nina Simone,Feeling Good,C:\Users\acoac\OneDrive\DjAco\TRACCE\robbos\robbos 21-22\Nina Simone - Feeling Good (Remastered) (Remastered) myfreemp3.vip .mp3
Oliver Onions,La La La La Lalla (Coro Dei Pompieri) feat. Elio e le Storie Tese,C:\Users\acoac\OneDrive\DjAco\TRACCE\robbos\robbos 21-22\Oliver Onions - La La La La Lalla (Coro Dei Pompieri) feat. Elio e le Storie Tese (Official Audio).mp3
"Quantic, Flowering Inferno",Cumbia Sobre el Mar,"C:\Users\acoac\OneDrive\DjAco\TRACCE\robbos\robbos 21-22\Quantic, Flowering Inferno - Cumbia Sobre el Mar myfreemp3.vip .mp3"
Raf,Self control,C:\Users\acoac\OneDrive\DjAco\TRACCE\robbos\robbos 21-22\Raf - Self control (Official Video).mp3
Rod Stewart,Da Ya Think I'm Sexy,C:\Users\acoac\OneDrive\DjAco\TRACCE\robbos\robbos 21-22\Rod Stewart - Da Ya Think I'm Sexy (Official Video).mp3
Ivana Spagna,Easy Lady,C:\Users\acoac\OneDrive\DjAco\TRACCE\robbos\robbos 21-22\SPAGNA - Easy Lady (Best audio).mp3
Sublime,Santeria,C:\Users\acoac\OneDrive\DjAco\TRACCE\robbos\robbos 21-22\Sublime - Santeria myfreemp3.vip .mp3
The Specials,It's you,C:\Users\acoac\OneDrive\DjAco\TRACCE\robbos\robbos 21-22\The Specials - It's you.mp3
Timmy Trumpet & Gabry Ponte,Mad World,C:\Users\acoac\OneDrive\DjAco\TRACCE\robbos\robbos 21-22\Timmy Trumpet & Gabry Ponte – Mad World (Official Music Video).mp3
Tom Zanetti,Didn't Know,C:\Users\acoac\OneDrive\DjAco\TRACCE\robbos\robbos 21-22\Tom Zanetti - Didn't Know.mp3
Tracey Ullman,Breakaway,C:\Users\acoac\OneDrive\DjAco\TRACCE\robbos\robbos 21-22\Tracey Ullman - Breakaway.mp3
Willie Peyote,La Tua Futura Ex Moglie,C:\Users\acoac\OneDrive\DjAco\TRACCE\robbos\robbos 21-22\Willie Peyote - La Tua Futura Ex Moglie.mp3
Stadio,Acqua E Sapone,C:\Users\acoac\OneDrive\DjAco\TRACCE\robbos\robbos 23-24\Acqua E Sapone - Stadio (320 kbps).mp3
Alberto Camerini,Rock 'n' Roll Robot (Studio Performance '82),C:\Users\acoac\OneDrive\DjAco\TRACCE\robbos\robbos 23-24\Alberto Camerini - Rock 'n' Roll Robot (Studio Performance '82).mp3
Alessandra Amoroso,Mezzo Rotto ft. BigMama,C:\Users\acoac\OneDrive\DjAco\TRACCE\robbos\robbos 23-24\Alessandra Amoroso - Mezzo Rotto (video official) ft. BigMama.mp3
Alfa,Vai!,C:\Users\acoac\OneDrive\DjAco\TRACCE\robbos\robbos 23-24\ALFA - Vai! (Official Video - Sanremo 2024).mp3
Alien Ant Farm,Smooth Criminal,C:\Users\acoac\OneDrive\DjAco\TRACCE\robbos\robbos 23-24\Alien Ant Farm - Smooth Criminal (Official Music Video).mp3
Amadou & Mariam,La réalité,C:\Users\acoac\OneDrive\DjAco\TRACCE\robbos\robbos 23-24\Amadou & Mariam - La réalité (Official Music Video).mp3
Angelina Mango,Melodrama,C:\Users\acoac\OneDrive\DjAco\TRACCE\robbos\robbos 23-24\Angelina Mango - melodrama (Official Video).mp3
Artemas,i like the way you kiss me,C:\Users\acoac\OneDrive\DjAco\TRACCE\robbos\robbos 23-24\Artemas - i like the way you kiss me (official music video).mp3
"Articolo 31 feat. Fabri Fibra, Rocco Hunt",- PEYOTE (Official Video),"C:\Users\acoac\OneDrive\DjAco\TRACCE\robbos\robbos 23-24\Articolo 31 feat. Fabri Fibra, Rocco Hunt - PEYOTE (Official Video).mp3"
Backstreet Boys,Quit Playing Games (With My Heart),C:\Users\acoac\OneDrive\DjAco\TRACCE\robbos\robbos 23-24\Backstreet Boys - Quit Playing Games (With My Heart) (Official HD Video).mp3
Beastie Boys,Sabotage,C:\Users\acoac\OneDrive\DjAco\TRACCE\robbos\robbos 23-24\Beastie Boys - Sabotage.mp3
,Blondie - Heart Of Glass,C:\Users\acoac\OneDrive\DjAco\TRACCE\robbos\robbos 23-24\Blondie - Heart Of Glass.mp3
Bob Sinclar & Matia Bazar Ft. Antonella Ruggiero,Ti Sento,C:\Users\acoac\OneDrive\DjAco\TRACCE\robbos\robbos 23-24\Bob Sinclar & Matia Bazar Ft. Antonella Ruggiero - Ti Sento.mp3
Derozer,Branca Day,C:\Users\acoac\OneDrive\DjAco\TRACCE\robbos\robbos 23-24\BRANCA DAY - DEROZER.mp3
Caparezza,La fine di gaia,C:\Users\acoac\OneDrive\DjAco\TRACCE\robbos\robbos 23-24\CAPAREZZA - La fine di gaia (Official Video).mp3
Casino Royale,Anno Zero,C:\Users\acoac\OneDrive\DjAco\TRACCE\robbos\robbos 23-24\CASINO ROYALE - _Anno Zero_.mp3
,"Club Dogo, Elodie - Soli A Milano (Visual)","C:\Users\acoac\OneDrive\DjAco\TRACCE\robbos\robbos 23-24\Club Dogo, Elodie - Soli A Milano (Visual).mp3"
Club Dogo feat. Giuliano Palma,PES,C:\Users\acoac\OneDrive\DjAco\TRACCE\robbos\robbos 23-24\CLUB_DOGO_FT_GIULIANO_PALMA_-_PES_-_VIDEO_UFFICIALE.mp3
,Coma_Cose - MALAVITA,C:\Users\acoac\OneDrive\DjAco\TRACCE\robbos\robbos 23-24\Coma Cose - MALAVITA.mp3
,Dirty Revolution - Sometimes You're Too Rude,C:\Users\acoac\OneDrive\DjAco\TRACCE\robbos\robbos 23-24\Dirty Revolution - Sometimes You re Too Rude.mp3
Equipe 84,Io ho in mente te (1966),C:\Users\acoac\OneDrive\DjAco\TRACCE\robbos\robbos 23-24\Equipe 84-Io ho in mente te (1966).mp3
Eros Ramazzotti,Terra promessa,C:\Users\acoac\OneDrive\DjAco\TRACCE\robbos\robbos 23-24\Eros Ramazzotti - Terra promessa.mp3
Fabri Fibra,Vip In Trip,C:\Users\acoac\OneDrive\DjAco\TRACCE\robbos\robbos 23-24\Fabri Fibra - Vip In Trip.mp3
"Fedez, Annalisa, Articolo 31",DISCO PARADISE,"C:\Users\acoac\OneDrive\DjAco\TRACCE\robbos\robbos 23-24\Fedez, Annalisa, Articolo 31 - DISCO PARADISE (Official Video).mp3"
Franco Battiato,Un'Altra Vita,C:\Users\acoac\OneDrive\DjAco\TRACCE\robbos\robbos 23-24\Franco Battiato - Un'Altra Vita.mp3
Ghali,Happy Days,C:\Users\acoac\OneDrive\DjAco\TRACCE\robbos\robbos 23-24\Ghali - Happy Days .mp3
Gianni Togni,Luna,C:\Users\acoac\OneDrive\DjAco\TRACCE\robbos\robbos 23-24\Gianni Togni - Luna (Official Audio).mp3
Harry Belafonte,Harry Belafonte   Banana Boat Song Day O,C:\Users\acoac\OneDrive\DjAco\TRACCE\robbos\robbos 23-24\Harry Belafonte   Banana Boat Song Day O.mp3
Hole,Celebrity Skin,C:\Users\acoac\OneDrive\DjAco\TRACCE\robbos\robbos 23-24\Hole - Celebrity Skin (Official Music Video).mp3
,Hozier - Too Sweet (Official Lyric Video),C:\Users\acoac\OneDrive\DjAco\TRACCE\robbos\robbos 23-24\Hozier - Too Sweet (Official Lyric Video).mp3
Jaya the Cat,Jaya the Cat   Hello Hangover,C:\Users\acoac\OneDrive\DjAco\TRACCE\robbos\robbos 23-24\Jaya the Cat   Hello Hangover.mp3
Jovanotti,Nuova Era,C:\Users\acoac\OneDrive\DjAco\TRACCE\robbos\robbos 23-24\Jovanotti - Nuova Era (with Dardust) (Lyric Video).mp3
Jovanotti,Nuova Era (with Dardust),C:\Users\acoac\OneDrive\DjAco\TRACCE\robbos\robbos 23-24\Jovanotti - Nuova Era (with Dardust).mp3
Jovanotti,L'ombelico del mondo,C:\Users\acoac\OneDrive\DjAco\TRACCE\robbos\robbos 23-24\L'ombelico del mondo - Jovanotti.mp3
Après la classe,La festa patronale,C:\Users\acoac\OneDrive\DjAco\TRACCE\robbos\robbos 23-24\LA FESTA PATRONALE.mp3
La Rappresentante di Lista,Paradiso,C:\Users\acoac\OneDrive\DjAco\TRACCE\robbos\robbos 23-24\La Rappresentante di Lista - Paradiso (Official Video).mp3
Los Hijos del Sol,Cariñito,C:\Users\acoac\OneDrive\DjAco\TRACCE\robbos\robbos 23-24\Los Hijos del Sol - Cariñito.mp3
Lucio Battisti,Una giornata uggiosa,C:\Users\acoac\OneDrive\DjAco\TRACCE\robbos\robbos 23-24\Lucio Battisti - Una giornata uggiosa.mp3
Manu Chao,Rainin in Paradize,C:\Users\acoac\OneDrive\DjAco\TRACCE\robbos\robbos 23-24\Manu Chao  Rainin in Paradize.mp3
,matrioska - ci vuole serietà - la domenica mattina,C:\Users\acoac\OneDrive\DjAco\TRACCE\robbos\robbos 23-24\matrioska - ci vuole serietà - la domenica mattina.mp3
Misfits,Misfits - Diana Lyrics,C:\Users\acoac\OneDrive\DjAco\TRACCE\robbos\robbos 23-24\Misfits - Diana Lyrics.mp3
,Nancy Sinatra - These Boots Are Made For Walkin' (Official Music Video),C:\Users\acoac\OneDrive\DjAco\TRACCE\robbos\robbos 23-24\Nancy Sinatra - These Boots Are Made For Walkin (Official Music Video).mp3
Neffa,Aspettando il sole,C:\Users\acoac\OneDrive\DjAco\TRACCE\robbos\robbos 23-24\Neffa - Aspettando il sole.mp3
Nico Fidenco,Con te sulla spiaggia,C:\Users\acoac\OneDrive\DjAco\TRACCE\robbos\robbos 23-24\Nico Fidenco - Con te sulla spiaggia (1964).mp3
Nirvana,Rape Me,C:\Users\acoac\OneDrive\DjAco\TRACCE\robbos\robbos 23-24\Nirvana - Rape Me.mp3
,No Doubt - Just A Girl,C:\Users\acoac\OneDrive\DjAco\TRACCE\robbos\robbos 23-24\No Doubt - Just A Girl.mp3
Nu Genea,Ddoje Facce,C:\Users\acoac\OneDrive\DjAco\TRACCE\robbos\robbos 23-24\Nu Guinea - Ddoje Facce.mp3
Pinguini Tattici Nucleari,Rubami la Notte,C:\Users\acoac\OneDrive\DjAco\TRACCE\robbos\robbos 23-24\Pinguini Tattici Nucleari - Rubami la Notte (Official Video).mp3
Plastic Bertrand,Ça plane pour moi,C:\Users\acoac\OneDrive\DjAco\TRACCE\robbos\robbos 23-24\Plastic Bertrand  - Ça plane pour moi (Official Audio).mp3
,Rhove - Alè (Visual) ft. Capo Plaza,C:\Users\acoac\OneDrive\DjAco\TRACCE\robbos\robbos 23-24\Rhove - Alè (Visual) ft. Capo Plaza.mp3
Riccardo Del Turco,Riccardo Del Turco Uno tranquillo,C:\Users\acoac\OneDrive\DjAco\TRACCE\robbos\robbos 23-24\Riccardo Del Turco Uno tranquillo.mp3
Ricchi E Poveri,Ma non tutta la vita,C:\Users\acoac\OneDrive\DjAco\TRACCE\robbos\robbos 23-24\Ricchi E Poveri - Ma non tutta la vita (Official Video)  Sanremo 2024.mp3
Skunk Anansie,Because of You,C:\Users\acoac\OneDrive\DjAco\TRACCE\robbos\robbos 23-24\Skunk Anansie - Because of You (Official Video).mp3
Subsonica & Franco Battiato,Up Patriots To Arms,C:\Users\acoac\OneDrive\DjAco\TRACCE\robbos\robbos 23-24\Subsonica & Franco Battiato - Up Patriots To Arms (Tribute Video).mp3
Subsonica,Pugno Di Sabbia,C:\Users\acoac\OneDrive\DjAco\TRACCE\robbos\robbos 23-24\Subsonica - Pugno Di Sabbia (Official Video).mp3
"Tananai, Annalisa",Storie brevi,"C:\Users\acoac\OneDrive\DjAco\TRACCE\robbos\robbos 23-24\Tananai, Annalisa - STORIE BREVI.mp3"
The Clash,The Clash - Brand New Cadillac (Official Audio),C:\Users\acoac\OneDrive\DjAco\TRACCE\robbos\robbos 23-24\The Clash - Brand New Cadillac (Official Audio).mp3
The Kolors,ITALODISCO (English Version),C:\Users\acoac\OneDrive\DjAco\TRACCE\robbos\robbos 23-24\The Kolors - ITALODISCO (English Version) [Lyric Video].mp3
The Smith,Bigmouth Strikes Again,C:\Users\acoac\OneDrive\DjAco\TRACCE\robbos\robbos 23-24\The Smiths - Bigmouth Strikes Again (Official Audio).mp3
Antonella Ruggiero,Ti sento (feat. Timoria),C:\Users\acoac\OneDrive\DjAco\TRACCE\robbos\robbos 23-24\Ti sento (feat. Timoria).mp3
Chuck Berry,You Never Can Tell,C:\Users\acoac\OneDrive\DjAco\TRACCE\robbos\robbos 23-24\You Never Can Tell.mp3
AC/DC,Thunderstruck,C:\Users\acoac\OneDrive\DjAco\TRACCE\robbos\robbos 25-26\AC DC - Thunderstruck (Official Video).mp3
Bluvertigo,Bluvertigo - Altre F.D.V. (videoclip),C:\Users\acoac\OneDrive\DjAco\TRACCE\robbos\robbos 25-26\Bluvertigo  Altre FDV videoclip.mp3
Fabrizio De André,Ballata Dell'amore Cieco o della vanita,C:\Users\acoac\OneDrive\DjAco\TRACCE\robbos\robbos 25-26\Fabrizio De André  Ballata Dell amore Cieco o della vanità Testo.mp3
Meganoidi,Supereroi contro la municipale,C:\Users\acoac\OneDrive\DjAco\TRACCE\robbos\robbos 25-26\MEGANOIDI - Supereroi contro la municipale - Video Clip Ufficiale.mp3
Kava con la K,Paranoia e caffè,C:\Users\acoac\OneDrive\DjAco\TRACCE\robbos\robbos 25-26\Paranoia e caffè.mp3
"Paul Oakenfold, Planet Perfecto Knights, KIMMIC","Paul Oakenfold, Planet Perfecto Knights & KIMMIC - ResuRection (Official Visualizer)",C:\Users\acoac\OneDrive\DjAco\TRACCE\robbos\robbos 25-26\Paul Oakenfold Planet Perfecto Knights  KIMMIC  ResuRection Official Visualizer.mp3
Piero Pelù,Fiorirà,C:\Users\acoac\OneDrive\DjAco\TRACCE\robbos\robbos 25-26\Piero Pelù - Fiorirà -.mp3
Pitura Freska,Papa Nero,C:\Users\acoac\OneDrive\DjAco\TRACCE\robbos\robbos 25-26\Pitura Freska - Papa Nero (Teo Film official videoclip).mp3
Carlotta,Promessa,C:\Users\acoac\OneDrive\DjAco\TRACCE\robbos\robbos 25-26\Promessa.mp3
The Mamas And Papas,California Dreamin,C:\Users\acoac\OneDrive\DjAco\TRACCE\robbos\robbos 25-26\The Mamas And Papas - California Dreamin (BreakingRules Bootleg).mp3
Tropea,Tropea - Cringe Inferno (Visual Video),C:\Users\acoac\OneDrive\DjAco\TRACCE\robbos\robbos 25-26\Tropea  Cringe Inferno Visual Video.mp3
Vasco Rossi,Ti voglio bene,C:\Users\acoac\OneDrive\DjAco\TRACCE\robbos\robbos 25-26\vasco rossi ti voglio bene.mp3
99 Posse,Curre Curre Guagliò,C:\Users\acoac\OneDrive\DjAco\TRACCE\robbos\robbos base\99 POSSE CURRE CURRE GUAGLIO.mp3
99 Posse feat. Mama Marjas,Combat Reggae,C:\Users\acoac\OneDrive\DjAco\TRACCE\robbos\robbos base\99 Posse feat. Mama Marjas - Combat Reggae (video ufficiale).mp3
Adriano Celentano,Svalutation,C:\Users\acoac\OneDrive\DjAco\TRACCE\robbos\robbos base\Adriano Celentano - Svalutation.mp3
Alessandro Mannarino,Scetate Vajo',C:\Users\acoac\OneDrive\DjAco\TRACCE\robbos\robbos base\Alessandro Mannarino - Scetate Vajo-'.mp3
Alla Bua,U rusciu te lu mare,C:\Users\acoac\OneDrive\DjAco\TRACCE\robbos\robbos base\Alla Bua - u rusciu te lu mare.mp3
American Bop,Green Day vs. Ramones Eyeusemyself (Mashup),C:\Users\acoac\OneDrive\DjAco\TRACCE\robbos\robbos base\American Bop (Mashup) Green Day vs. Ramones Eyeusemyself The DJ Mashup-Maker.mp3
Angelo Branduardi,Cogli la prima mela,C:\Users\acoac\OneDrive\DjAco\TRACCE\robbos\robbos base\Angelo Branduardi - Cogli la prima mela .mp3
Apres la Classe,Ricominciamo,C:\Users\acoac\OneDrive\DjAco\TRACCE\robbos\robbos base\Apres la Classe - Ricominciamo.mp3
Après la Classe,Paris,C:\Users\acoac\OneDrive\DjAco\TRACCE\robbos\robbos base\Après la classe - Paris.mp3
Arctic Monkeys,When The Sun Goes Down,C:\Users\acoac\OneDrive\DjAco\TRACCE\robbos\robbos base\Arctic Monkeys - When The Sun Goes Down.mp3
Articolo 31,- Domani Smetto (Video Clip),C:\Users\acoac\OneDrive\DjAco\TRACCE\robbos\robbos base\Articolo 31 - Domani Smetto (Video Clip).mp3
Articolo 31,Ohi Maria,C:\Users\acoac\OneDrive\DjAco\TRACCE\robbos\robbos base\Articolo 31 - Ohi Maria.mp3
Articolo 31,Articolo 31 - Tranqi Funky (videoclip),C:\Users\acoac\OneDrive\DjAco\TRACCE\robbos\robbos base\Articolo 31 - Tranqi Funky (videoclip).mp3
Mannarino,Babalu',C:\Users\acoac\OneDrive\DjAco\TRACCE\robbos\robbos base\Babalu'.mp3
Bandabardò,Bandabardo - Beppeanna,C:\Users\acoac\OneDrive\DjAco\TRACCE\robbos\robbos base\Bandabardo - Beppeanna.mp3
Bandabardò,Se mi rilasso collasso,C:\Users\acoac\OneDrive\DjAco\TRACCE\robbos\robbos base\Bandabardò - Se mi rilasso collasso.mp3
Baustelle,Baustelle - Charlie fa surf (Official Video),C:\Users\acoac\OneDrive\DjAco\TRACCE\robbos\robbos base\Baustelle - Charlie fa surf (Official Video).mp3
Beastie Boys,Intergalactic,C:\Users\acoac\OneDrive\DjAco\TRACCE\robbos\robbos base\Beastie Boys - Intergalactic (High Quality).mp3
Billy Idol,Dancing With Myself,C:\Users\acoac\OneDrive\DjAco\TRACCE\robbos\robbos base\Billy Idol - Dancing With Myself.mp3
Blondie,One Way Or Another,C:\Users\acoac\OneDrive\DjAco\TRACCE\robbos\robbos base\Blondie - One Way Or Another (Audio).mp3
Bloodhound Gang,Along Comes Mary,C:\Users\acoac\OneDrive\DjAco\TRACCE\robbos\robbos base\Bloodhound Gang - Along Comes Mary.mp3
Brusco,Sotto I Raggi Del Sole,C:\Users\acoac\OneDrive\DjAco\TRACCE\robbos\robbos base\Brusco - Abbronzatissima.mp3
Caparezza,La fine di gaia,C:\Users\acoac\OneDrive\DjAco\TRACCE\robbos\robbos base\CAPAREZZA - La fine di gaia (Official Video).mp3
Caparezza,Vieni A Ballare In Puglia ft. Al Bano,C:\Users\acoac\OneDrive\DjAco\TRACCE\robbos\robbos base\Caparezza - Vieni A Ballare In Puglia ft. Al Bano.mp3
Caterina Caselli,L'uomo d'oro,C:\Users\acoac\OneDrive\DjAco\TRACCE\robbos\robbos base\Caterina_caselli_-_Luomo_doro_1966.mp3
Chemical Brothers,Galvanize feat. Q Tip,C:\Users\acoac\OneDrive\DjAco\TRACCE\robbos\robbos base\Chemical brothers - Galvanize feat. Q Tip.mp3
Chubby Checker,Let's Twist Again,C:\Users\acoac\OneDrive\DjAco\TRACCE\robbos\robbos base\CHUBBY_CHECKER_-_Lets_twist_again_(1961).mp3
Chuck Berry,You Never Can Tell,C:\Users\acoac\OneDrive\DjAco\TRACCE\robbos\robbos base\Chuck Berry - You Never Can Tell.mp3
Claudia Mori,No Sucederá Más,C:\Users\acoac\OneDrive\DjAco\TRACCE\robbos\robbos base\Claudia Mori - No Sucederá Más (con Adriano Celentano) (1982).mp3
Coez,La tua canzone,C:\Users\acoac\OneDrive\DjAco\TRACCE\robbos\robbos base\Coez - La tua canzone.mp3
ComaCose,Post Concerto,C:\Users\acoac\OneDrive\DjAco\TRACCE\robbos\robbos base\ComaCose - Post Concerto (Official Video).mp3
Crazy Town,Butterfly,C:\Users\acoac\OneDrive\DjAco\TRACCE\robbos\robbos base\Crazy Town- Butterfly.mp3
Cristina D'Avena,Occhi di gatto (feat. Loredana Bertè),C:\Users\acoac\OneDrive\DjAco\TRACCE\robbos\robbos base\Cristina D-'Avena - Occhi di gatto (feat. Loredana Bertè).mp3
Culture Club,Karma Chameleon,C:\Users\acoac\OneDrive\DjAco\TRACCE\robbos\robbos base\Culture Club - Karma Chameleon.mp3
Derozer,Branca Day,C:\Users\acoac\OneDrive\DjAco\TRACCE\robbos\robbos base\Derozer - Branca Day.mp3
Dirty Revolution,Dirty Revolution - Sometimes You're Too Rude,C:\Users\acoac\OneDrive\DjAco\TRACCE\robbos\robbos base\Dirty Revolution - Sometimes You're Too Rude.mp3
Donatella Rettore,Kobra,C:\Users\acoac\OneDrive\DjAco\TRACCE\robbos\robbos base\Donatella Rettore - Kobra 1981.mp3
Donatella Rettore,Splendido Splendente,C:\Users\acoac\OneDrive\DjAco\TRACCE\robbos\robbos base\Donatella Rettore Splendido Splendente.mp3
Amnesia,El Inspector,C:\Users\acoac\OneDrive\DjAco\TRACCE\robbos\robbos base\El Inspector Amnesia.mp3
Elio e le Storie Tese,Nella vecchia azienda agricola,C:\Users\acoac\OneDrive\DjAco\TRACCE\robbos\robbos base\Elio e le Storie Tese - Nella vecchia azienda agricola.mp3
Fabri Fibra,Pamplona,C:\Users\acoac\OneDrive\DjAco\TRACCE\robbos\robbos base\Fabri Fibra - Pamplona .mp3
Fabrizio De André,Volta la carta,C:\Users\acoac\OneDrive\DjAco\TRACCE\robbos\robbos base\Fabrizio De André - Volta la carta.mp3
Fatboy Slim,Praise You,C:\Users\acoac\OneDrive\DjAco\TRACCE\robbos\robbos base\Fatboy_Slim_-_Praise_You.mp3
Franco Battiato,Cuccurucucu,C:\Users\acoac\OneDrive\DjAco\TRACCE\robbos\robbos base\Franco Battiato - Cuccurucucu.mp3
Gene Vincent,Be Bop a Lula,C:\Users\acoac\OneDrive\DjAco\TRACCE\robbos\robbos base\Gene Vincent - Be Bop a Lula.mp3
Goran Bregovic,Kalasnjikov,C:\Users\acoac\OneDrive\DjAco\TRACCE\robbos\robbos base\Goran Bregovic- Kalasnjikov.mp3
Green Day,She,C:\Users\acoac\OneDrive\DjAco\TRACCE\robbos\robbos base\Green Day - 08 - She.mp3
Gregory Isaacs,Night Nurse,C:\Users\acoac\OneDrive\DjAco\TRACCE\robbos\robbos base\Gregory Isaacs - Night Nurse.mp3
Hole,Celebrity Skin,C:\Users\acoac\OneDrive\DjAco\TRACCE\robbos\robbos base\Hole - Celebrity Skin.mp3
I Cani,FBYC (s f o r t u n a),C:\Users\acoac\OneDrive\DjAco\TRACCE\robbos\robbos base\I Cani - FBYC (s f o r t u n a).mp3
Il Genio,Pop porno,C:\Users\acoac\OneDrive\DjAco\TRACCE\robbos\robbos base\Il Genio - Pop porno.mp3
J-Ax & Fedez,Italiana,C:\Users\acoac\OneDrive\DjAco\TRACCE\robbos\robbos base\J-AX & Fedez - Italiana.mp3
J-Ax feat. Il Cile,Maria Salvador,C:\Users\acoac\OneDrive\DjAco\TRACCE\robbos\robbos base\J-AX_feat._IL_CILE_-_MARIA_SALVADOR_(OFFICIAL_VIDEO).mp3
Jefferson Airplane,Somebody to love,C:\Users\acoac\OneDrive\DjAco\TRACCE\robbos\robbos base\Jefferson Airplane - Somebody to love.mp3
Jefferson Airplane,White Rabbit,C:\Users\acoac\OneDrive\DjAco\TRACCE\robbos\robbos base\Jefferson Airplane -White Rabbit-.mp3
Jet,Are You Gonna Be My Girl,C:\Users\acoac\OneDrive\DjAco\TRACCE\robbos\robbos base\Jet - Are You Gonna Be My Girl.mp3
No Doubt,Just A Girl,C:\Users\acoac\OneDrive\DjAco\TRACCE\robbos\robbos base\Just A Girl.mp3
Kings Of Leon,Kings Of Leon - Sex on Fire,C:\Users\acoac\OneDrive\DjAco\TRACCE\robbos\robbos base\Kings Of Leon - Sex on Fire.mp3
Korpiklaani,Happy Little Boozer,C:\Users\acoac\OneDrive\DjAco\TRACCE\robbos\robbos base\Korpiklaani - Happy Little Boozer.mp3
Kriss Kross,Jump,C:\Users\acoac\OneDrive\DjAco\TRACCE\robbos\robbos base\Kris Kross - Jump.mp3
Persiana Jones,LaTremarella - Persiana Jones,C:\Users\acoac\OneDrive\DjAco\TRACCE\robbos\robbos base\LaTremarella - Persiana Jones.mp3
Latte e i suoi derivati,Ginoska,C:\Users\acoac\OneDrive\DjAco\TRACCE\robbos\robbos base\Latte e i Suoi Derivati - Ginoska.mp3
Le Vibrazioni,In Una Notte D'Estate,C:\Users\acoac\OneDrive\DjAco\TRACCE\robbos\robbos base\Le Vibrazioni - In Una Notte D'Estate .mp3
Mario Tessuto,Lisa dagli occhi blu,C:\Users\acoac\OneDrive\DjAco\TRACCE\robbos\robbos base\Lisa dagli occhi blu (1969).mp3
Mario Tessuto,Lisa dagli occhi blu remix,C:\Users\acoac\OneDrive\DjAco\TRACCE\robbos\robbos base\Lisa dagli occhi blu remix.mp3
Litfiba,Lacio drom (Buon Viaggio),C:\Users\acoac\OneDrive\DjAco\TRACCE\robbos\robbos base\Litfiba - Lacio drom (Buon Viaggio) (Remastered 2017).mp3
Lo Stato Sociale,Una vita in vacanza,C:\Users\acoac\OneDrive\DjAco\TRACCE\robbos\robbos base\Lo Stato Sociale - Una vita in vacanza (TestoLyrics) SANREMO 2018.mp3
Los De Abajo,Labios Rojos,C:\Users\acoac\OneDrive\DjAco\TRACCE\robbos\robbos base\Los De Abajo - Labios Rojos.mp3
Luca Carboni,Le ragazze,C:\Users\acoac\OneDrive\DjAco\TRACCE\robbos\robbos base\Luca Carboni - Le ragazze.mp3
Madness,One Step Beyond,C:\Users\acoac\OneDrive\DjAco\TRACCE\robbos\robbos base\Madness_-_One_Step_Beyond.mp3
Madonna,La Isla Bonita,C:\Users\acoac\OneDrive\DjAco\TRACCE\robbos\robbos base\Madonna - La Isla Bonita (Official Music Video).mp3
Après la Classe,Mammalitaliani,C:\Users\acoac\OneDrive\DjAco\TRACCE\robbos\robbos base\MAMMALITALIANI- APRES LA CLASSE OFFICIAL VIDEO HD 1080.mp3
Manu Chao,Bongo Bong,C:\Users\acoac\OneDrive\DjAco\TRACCE\robbos\robbos base\Manu Chao - Bongo Bong [HQ].mp3
Mario Tessuto,Mario Tessuto - Lisa dagli occhi blu (1969),C:\Users\acoac\OneDrive\DjAco\TRACCE\robbos\robbos base\Mario Tessuto - Lisa dagli occhi blu (1969).mp3
Maroons (Lateef & The Chief),Ambush,C:\Users\acoac\OneDrive\DjAco\TRACCE\robbos\robbos base\Maroons (Lateef & The Chief) - Ambush.mp3
Marracash,Marracash - Badabum Cha Cha,C:\Users\acoac\OneDrive\DjAco\TRACCE\robbos\robbos base\Marracash - Badabum Cha Cha.mp3
Bruno Mars Vs The White Stripes,Uptown Funk Vs Seven Nation Army,C:\Users\acoac\OneDrive\DjAco\TRACCE\robbos\robbos base\MASHUP Bruno Mars Vs The White Stripes Uptown Funk Vs Seven Nation Army (DRA'man).mp3
Matrioska,La domenica mattina,C:\Users\acoac\OneDrive\DjAco\TRACCE\robbos\robbos base\Matrioska - La domenica mattina .mp3
Matrioska,Ci vuole serietà,C:\Users\acoac\OneDrive\DjAco\TRACCE\robbos\robbos base\matrioska ci vuole serietà.mp3
Max Gazzé,La Vita Com'è,C:\Users\acoac\OneDrive\DjAco\TRACCE\robbos\robbos base\Max Gazzè - La Vita Com'è.mp3
Max Gazzè,Sotto Casa,C:\Users\acoac\OneDrive\DjAco\TRACCE\robbos\robbos base\Max Gazzè - Sotto Casa .mp3
Max Gazzé,Max Gazzè - Teresa,C:\Users\acoac\OneDrive\DjAco\TRACCE\robbos\robbos base\Max Gazzè - Teresa.mp3
Meganoidi,Supereroi contro la municipale,C:\Users\acoac\OneDrive\DjAco\TRACCE\robbos\robbos base\MEGANOIDI-Supereroi contro la municipale- Video Clip Ufficiale.mp3
Mina,Amore di tabacco,C:\Users\acoac\OneDrive\DjAco\TRACCE\robbos\robbos base\Mina - Amore di tabacco.mp3
Mina,Tintarella di luna,C:\Users\acoac\OneDrive\DjAco\TRACCE\robbos\robbos base\Mina - Tintarella di luna.mp3
Modena City Ramblers,I Cento Passi,C:\Users\acoac\OneDrive\DjAco\TRACCE\robbos\robbos base\Modena City Ramblers - I Cento Passi.mp3
Nada,Amore Disperato,C:\Users\acoac\OneDrive\DjAco\TRACCE\robbos\robbos base\Nada - Amore Disperato (2004 Remaster).mp3
Negrita,Radio Conga,C:\Users\acoac\OneDrive\DjAco\TRACCE\robbos\robbos base\Negrita - Radio Conga (Remastered 2019).mp3
Claudia Mori,Non succederà più,C:\Users\acoac\OneDrive\DjAco\TRACCE\robbos\robbos base\NON SUCCEDERA' PIU' TESTO.mp3
Pat Boone,Pat Boone - Speedy Gonzalez,C:\Users\acoac\OneDrive\DjAco\TRACCE\robbos\robbos base\Pat Boone - Speedy Gonzalez.mp3
Paul Anka,Paul Anka- Diana,C:\Users\acoac\OneDrive\DjAco\TRACCE\robbos\robbos base\Paul Anka- Diana.mp3
Persiana Jones,Beautiful - Puerto Hurraco,C:\Users\acoac\OneDrive\DjAco\TRACCE\robbos\robbos base\Persiana Jones - Beautiful - Puerto Hurraco.mp3
Piotta,La Grande Onda,C:\Users\acoac\OneDrive\DjAco\TRACCE\robbos\robbos base\PIOTTA - LA GRANDE ONDA.mp3
Piotta,Piotta è morto,C:\Users\acoac\OneDrive\DjAco\TRACCE\robbos\robbos base\PIOTTA - PIOTTA E' MORTO (official video HD).mp3
Pitura Freska,Pitura Freska - Pin Floi,C:\Users\acoac\OneDrive\DjAco\TRACCE\robbos\robbos base\Pitura Freska - Pin Floi.mp3
Placebo,Placebo - Daddy Cool,C:\Users\acoac\OneDrive\DjAco\TRACCE\robbos\robbos base\Placebo - Daddy Cool.mp3
Prozac+,Acida,C:\Users\acoac\OneDrive\DjAco\TRACCE\robbos\robbos base\Prozac  - Acida.mp3
Punkreas,Aca toro,C:\Users\acoac\OneDrive\DjAco\TRACCE\robbos\robbos base\Pukreas_-_Aca_toro.mp3
Pulp,Common People,C:\Users\acoac\OneDrive\DjAco\TRACCE\robbos\robbos base\Pulp - Common People.mp3
Punkreas,Canapa,C:\Users\acoac\OneDrive\DjAco\TRACCE\robbos\robbos base\Punkreas - Canapa .mp3
Punkreas,Sotto esame,C:\Users\acoac\OneDrive\DjAco\TRACCE\robbos\robbos base\Punkreas - Sotto esame .mp3
Raffaella Carrà,Mam Dame Cien Pesetas,C:\Users\acoac\OneDrive\DjAco\TRACCE\robbos\robbos base\Raffaella Carra - Mam Dame Cien Pesetas.mp3
Ramones,Blitzkrieg Bop,C:\Users\acoac\OneDrive\DjAco\TRACCE\robbos\robbos base\Ramones-Blitzkrieg Bop.mp3
Random Hand,Scum Triumphant,C:\Users\acoac\OneDrive\DjAco\TRACCE\robbos\robbos base\Random Hand - Scum Triumphant.mp3
Reel Big Fish,Take On Me,C:\Users\acoac\OneDrive\DjAco\TRACCE\robbos\robbos base\Reel Big Fish - Take On Me.mp3
Rettore,RETTORE- LAMETTE 1982 - High Definition,C:\Users\acoac\OneDrive\DjAco\TRACCE\robbos\robbos base\RETTORE- LAMETTE 1982 - High Definition.mp3
Rino Gaetano,Ahi Maria,C:\Users\acoac\OneDrive\DjAco\TRACCE\robbos\robbos base\Rino Gaetano - Ahi Maria.mp3
Roy Paci & Aretuska,Cantu siciliano,C:\Users\acoac\OneDrive\DjAco\TRACCE\robbos\robbos base\Roy Paci & AretuskaCantu siciliano 2002.mp3
Save Ferris,Come on eileen,C:\Users\acoac\OneDrive\DjAco\TRACCE\robbos\robbos base\save ferris come on eileen.mp3
Selton,Cuoricinici,C:\Users\acoac\OneDrive\DjAco\TRACCE\robbos\robbos base\Selton - Cuoricinici.mp3
Shade,Bene ma non benissimo,C:\Users\acoac\OneDrive\DjAco\TRACCE\robbos\robbos base\Shade - Bene ma non benissimo .mp3
Shaka Ponk,Let's,C:\Users\acoac\OneDrive\DjAco\TRACCE\robbos\robbos base\Shaka Ponk - Let's.mp3
Shandon,Placebo Effect,C:\Users\acoac\OneDrive\DjAco\TRACCE\robbos\robbos base\Shandon - Placebo Effect .mp3
Shandon,Questosichiamaska,C:\Users\acoac\OneDrive\DjAco\TRACCE\robbos\robbos base\Shandon - Questosichiamaska .mp3
Skiantos,Mi piaccion le sbarbine,C:\Users\acoac\OneDrive\DjAco\TRACCE\robbos\robbos base\Skiantos - Mi piaccion le sbarbine - Kinotto.mp3
Articolo 31,Spirale ovale,C:\Users\acoac\OneDrive\DjAco\TRACCE\robbos\robbos base\Spirale ovale.mp3
Splendid,Again,C:\Users\acoac\OneDrive\DjAco\TRACCE\robbos\robbos base\splendid - Again.mp3
Sud Sound System,Le radici ca tieni,C:\Users\acoac\OneDrive\DjAco\TRACCE\robbos\robbos base\Sud Sound System - Le radici ca tieni.mp3
Sud Sound System,Sciamu A Ballare,C:\Users\acoac\OneDrive\DjAco\TRACCE\robbos\robbos base\Sud Sound System - Sciamu A Ballare.mp3
The Chemical Brothers,Let Forever Be,C:\Users\acoac\OneDrive\DjAco\TRACCE\robbos\robbos base\The Chemical Brothers - Let Forever Be.mp3
The Hormonauts,Black Slacks,C:\Users\acoac\OneDrive\DjAco\TRACCE\robbos\robbos base\The HormonautsBlack Slacks.mp3
The Giornalisti,Riccione,C:\Users\acoac\OneDrive\DjAco\TRACCE\robbos\robbos base\Thegiornalisti - Riccione.mp3
Mina,Tintarella Di Luna RMX,C:\Users\acoac\OneDrive\DjAco\TRACCE\robbos\robbos base\Tintarella Di Luna HOUSE REMIX.mp3
Tullio De Piscopo,Andamento Lento,C:\Users\acoac\OneDrive\DjAco\TRACCE\robbos\robbos base\Tullio De Piscopo - Andamento Lento.mp3
Umberto Tozzi,Stella stai,C:\Users\acoac\OneDrive\DjAco\TRACCE\robbos\robbos base\Umberto Tozzi - Stella stai.mp3
Giuni Russo,Un' Estate Al Mare,C:\Users\acoac\OneDrive\DjAco\TRACCE\robbos\robbos base\Un' Estate Al Mare - Giuni RussoFull HD.mp3
Subsonica,Up Patriots To Arms Mix,C:\Users\acoac\OneDrive\DjAco\TRACCE\robbos\robbos base\Up Patriots To Arms Mix.mp3
Vallanzaska,Generazione Di Fenomeni,C:\Users\acoac\OneDrive\DjAco\TRACCE\robbos\robbos base\Vallanzaska - Generazione Di Fenomeni - Official Videoclip.mp3
Vallanzaska,Spaghetti Ska,C:\Users\acoac\OneDrive\DjAco\TRACCE\robbos\robbos base\Vallanzaska - Spaghetti Ska.mp3
Vallanzaska,Banana Juice,C:\Users\acoac\OneDrive\DjAco\TRACCE\robbos\robbos base\Vallanzaska feat. Ruggero de i Timidi - Banana Juice (Official Videoclip).mp3
Vasco Rossi,Quanti Anni Hai,C:\Users\acoac\OneDrive\DjAco\TRACCE\robbos\robbos base\Vasco Rossi - Quanti Anni Hai.mp3
Vinicio Capossela,Il ballo di San Vito,C:\Users\acoac\OneDrive\DjAco\TRACCE\robbos\robbos base\Vinicio Capossela - Il ballo di San Vito .mp3
Viola Valentino,Comprami,C:\Users\acoac\OneDrive\DjAco\TRACCE\robbos\robbos base\Viola Valentino - Comprami (1979).mp3
Wheatus,Teenage Dirtbag,C:\Users\acoac\OneDrive\DjAco\TRACCE\robbos\robbos base\Wheatus - Teenage Dirtbag .mp3
Zero Assoluto,Per dimenticare,C:\Users\acoac\OneDrive\DjAco\TRACCE\robbos\robbos base\Zero Assoluto - Per dimenticare .mp3
ZZ Top,La Grange,C:\Users\acoac\OneDrive\DjAco\TRACCE\robbos\robbos base\ZZ Top - La Grange (2005 Remaster).mp3
Daft Punk,Daft Punk - Aerodynamic (Official Video),C:\Users\acoac\OneDrive\DjAco\TRACCE\scaricate\music\Daft Punk  Aerodynamic Official Video.mp3
Enya,Enya - Only Time (Official 4K Music Video),C:\Users\acoac\OneDrive\DjAco\TRACCE\scaricate\music\Enya  Only Time Official 4K Music Video.mp3
Germano Mosconi,Ma che oh,C:\Users\acoac\OneDrive\DjAco\TRACCE\scaricate\music\Germano Mosconi Ma Che Ohh.mp3
Moses Concas,My Way,C:\Users\acoac\OneDrive\DjAco\TRACCE\scaricate\music\My Way.mp3
Victory Lap Five x Aerodynamics | Daft Punk x Fred Again.. Mashup [REMAKE],Victory Lap Five x Aerodynamics | Daft Punk x Fred Again.. Mashup [REMAKE],C:\Users\acoac\OneDrive\DjAco\TRACCE\scaricate\music\Victory Lap Five x Aerodynamics Daft Punk x Fred Again Mashup REMAKE.mp3
KYGO ft. Kodaline,Raging (karaoke),C:\Users\acoac\OneDrive\DjAco\TRACCE\sfilata\_Raging_ - KYGO ft. Kodaline (Karaoke) (320).mp3
Ape Drums,Nobody Knows (ft. Clementine Douglas),C:\Users\acoac\OneDrive\DjAco\TRACCE\sfilata\Ape Drums - Nobody Knows (ft. Clementine Douglas) (320).mp3
Beyoncé,Crazy In Love ft. JAY Z,C:\Users\acoac\OneDrive\DjAco\TRACCE\sfilata\Beyoncé - Crazy In Love ft. JAY Z (320).mp3
BASE LETTURA 2,Cora Zea - Afternoon Spirits (320),C:\Users\acoac\OneDrive\DjAco\TRACCE\sfilata\Cora Zea - Afternoon Spirits (320).mp3
Daft Punk,- Around The World (Thomas Nan Remix) (320),C:\Users\acoac\OneDrive\DjAco\TRACCE\sfilata\Daft Punk - Around The World (Thomas Nan Remix) (320).mp3
Disko Junkie,- I Like To Party (Original Mix) (320),C:\Users\acoac\OneDrive\DjAco\TRACCE\sfilata\Disko Junkie - I Like To Party (Original Mix) (320).mp3
Freiboitar,There Must be Something,C:\Users\acoac\OneDrive\DjAco\TRACCE\sfilata\Freiboitar - There Must be Something _ NBR065 (320).mp3
Ken@Work,The Discoteque,C:\Users\acoac\OneDrive\DjAco\TRACCE\sfilata\Ken@Work   The Discoteque Original Mix (320).mp3
Ken@Work,Reel Luv,C:\Users\acoac\OneDrive\DjAco\TRACCE\sfilata\Ken@Work - Reel Luv (Original Mix) (320).mp3
Kygo,Firestone ft. Conrad Sewell,C:\Users\acoac\OneDrive\DjAco\TRACCE\sfilata\Kygo - Firestone ft. Conrad Sewell (Official Video) (320).mp3
Kygo,For What It's Worth (ft. Angus & Julia Stone),C:\Users\acoac\OneDrive\DjAco\TRACCE\sfilata\Kygo - For What It's Worth (ft. Angus & Julia Stone) (320).mp3
Maria,Maria - Blondie (320),C:\Users\acoac\OneDrive\DjAco\TRACCE\sfilata\Maria - Blondie (320).mp3
Matt Goodman &  Matthew Bento,Girl You Twist Me Up,C:\Users\acoac\OneDrive\DjAco\TRACCE\sfilata\Matt Goodman &  Matthew Bento - Girl You Twist Me Up (Audio) [Mucshow Music] (320).mp3
Mwaki,"(Tiësto's VIP Mix) [Extended Mix] - Zerb, Soiya Nazu (320)","C:\Users\acoac\OneDrive\DjAco\TRACCE\sfilata\Mwaki (Tiësto's VIP Mix) [Extended Mix] - Zerb, Soiya Nazu (320).mp3"
Notsobad,Let It Go,C:\Users\acoac\OneDrive\DjAco\TRACCE\sfilata\NOTSOBAD x MAR_K - Let It Go (320).mp3
Nu Aspect,- Run Deep (320),C:\Users\acoac\OneDrive\DjAco\TRACCE\sfilata\Nu Aspect  - Run Deep (320).mp3
Nu Aspect,Nu Aspect - Bloom Again (320),C:\Users\acoac\OneDrive\DjAco\TRACCE\sfilata\Nu Aspect - Bloom Again (320).mp3
Nu Aspect,Light,C:\Users\acoac\OneDrive\DjAco\TRACCE\sfilata\Nu Aspect - Light (320).mp3
Nu Aspect,Distraction,"C:\Users\acoac\OneDrive\DjAco\TRACCE\sfilata\Nu Aspect, Jem Cooke - Distraction (Official Audio) (320).mp3"
Rules x Coldabank x SHYA,- Something Stronger (Extended Mix) (320),C:\Users\acoac\OneDrive\DjAco\TRACCE\sfilata\Rules x Coldabank x SHYA - Something Stronger (Extended Mix) (320).mp3
BASE LETTURA 1,Sigur Rós_ Untitled 3 (320),C:\Users\acoac\OneDrive\DjAco\TRACCE\sfilata\Sigur Rós_ Untitled 3 (320).mp3
Tinlicker & Helsloot,Because You Move Me,C:\Users\acoac\OneDrive\DjAco\TRACCE\sfilata\Tinlicker & Helsloot - Because You Move Me (Lyrics) _ baby don't you prove me (320).mp3
,- I'll Be Yours (320),"C:\Users\acoac\OneDrive\DjAco\TRACCE\sfilata\Zerb, Georgi Kay - I'll Be Yours (320).mp3"
Dj Aco,"davanti a te, c'è Dj Aco","C:\Users\acoac\OneDrive\DjAco\TRACCE\suno\davanti a te, c'è Dj Aco.mp3"
Dj Aco,Dj Aco feel the mix_8-bit intro,C:\Users\acoac\OneDrive\DjAco\TRACCE\suno\DjAco_8-bit intro with text.mp3
Dj Aco,"In console, Dj Aco,",C:\Users\acoac\OneDrive\DjAco\TRACCE\suno\In console - DjAco.mp3
Dj Aco,Inno Club Salute,C:\Users\acoac\OneDrive\DjAco\TRACCE\suno\Inno Club Salute.mp3
Chica Libre,Popcorn Andino,C:\Users\acoac\OneDrive\DjAco\TRACCE\tabboz\soft 2024\Chicha Libre Popcorn Andino.mp3
"Divolly & Markward, Panuma",Drowning (feat. Darla Jade),"C:\Users\acoac\OneDrive\DjAco\TRACCE\tabboz\soft 2024\Divolly & Markward, Panuma - Drowning (feat. Darla Jade).mp3"
Feder,Blind feat. Emmi,C:\Users\acoac\OneDrive\DjAco\TRACCE\tabboz\soft 2024\Feder - Blind feat. Emmi (Official Video).mp3
Hot Chip,Over and Over,C:\Users\acoac\OneDrive\DjAco\TRACCE\tabboz\soft 2024\Hot Chip - Over and Over (Official Video) (HD).mp3
Indochine,L'aventurier,C:\Users\acoac\OneDrive\DjAco\TRACCE\tabboz\soft 2024\Indochine - L'aventurier (Clip officiel).mp3
Klangkarussell,Sonnentanz (ft. Will Heard),C:\Users\acoac\OneDrive\DjAco\TRACCE\tabboz\soft 2024\Klangkarussell - Sonnentanz ft. Will Heard.mp3
Labyrinth Ear,Navy Light,C:\Users\acoac\OneDrive\DjAco\TRACCE\tabboz\soft 2024\Labyrinth Ear - Navy Light.mp3
Macky Gee,Tour,C:\Users\acoac\OneDrive\DjAco\TRACCE\tabboz\soft 2024\Macky Gee - Tour.mp3
MGMT,Kids,C:\Users\acoac\OneDrive\DjAco\TRACCE\tabboz\soft 2024\MGMT - Kids myfreemp3.vip .mp3
Milky Chance,Stolen Dance,C:\Users\acoac\OneDrive\DjAco\TRACCE\tabboz\soft 2024\Milky Chance - Stolen Dance (Official Video).mp3
Nicolas Jaar,Mi Mujer,C:\Users\acoac\OneDrive\DjAco\TRACCE\tabboz\soft 2024\Nicolas Jaar - Mi Mujer.mp3
Phantogram,When I'm Small,C:\Users\acoac\OneDrive\DjAco\TRACCE\tabboz\soft 2024\Phantogram _When I'm Small_.mp3
Quantic & Flowering Inferno,Cumbia Sobre el Mar,C:\Users\acoac\OneDrive\DjAco\TRACCE\tabboz\soft 2024\Quantic & Flowering Inferno - Cumbia Sobre el Mar.mp3
Santigold,Disparate Youth,C:\Users\acoac\OneDrive\DjAco\TRACCE\tabboz\soft 2024\Santigold - Disparate Youth (Official Music Video).mp3
Sofi Tukker,Good Time Girl feat. Charlie Barker,C:\Users\acoac\OneDrive\DjAco\TRACCE\tabboz\soft 2024\SOFI TUKKER - Good Time Girl feat. Charlie Barker (Official Video) [Ultra Music].mp3
Stoto,Still Can't Sleep,C:\Users\acoac\OneDrive\DjAco\TRACCE\tabboz\soft 2024\Stoto - Still Can't Sleep.mp3
Vitalic,Tu Conmigo ft. La Bien Querida,C:\Users\acoac\OneDrive\DjAco\TRACCE\tabboz\soft 2024\Vitalic - Tu Conmigo ft. La Bien Querida.mp3
Alesso,Heroes,C:\Users\acoac\OneDrive\DjAco\TRACCE\tabboz\tabboz 2016\Alesso_-_Heroes.mp3
AronChupa,I'm an Albatraoz,C:\Users\acoac\OneDrive\DjAco\TRACCE\tabboz\tabboz 2016\AronChupa_-_Im_an_Albatraoz.mp3
Avicii,The Nights,C:\Users\acoac\OneDrive\DjAco\TRACCE\tabboz\tabboz 2016\Avicii - The Nights.mp3
Avicii,Levels,C:\Users\acoac\OneDrive\DjAco\TRACCE\tabboz\tabboz 2016\Avicii_-_Levels.mp3
Bruno Mars,Locked Out Of Heaven - Sultan & Ned Shepard remix,C:\Users\acoac\OneDrive\DjAco\TRACCE\tabboz\tabboz 2016\Bruno_Mars_-_Locked_Out_Of_Heaven_(Sultan_&_Ned_Shepard_Remix).mp3
Calvin Harris,Summer,C:\Users\acoac\OneDrive\DjAco\TRACCE\tabboz\tabboz 2016\Calvin Harris - Summer.mp3
Caribou,Odessa,C:\Users\acoac\OneDrive\DjAco\TRACCE\tabboz\tabboz 2016\Caribou - Odessa.mp3
Chris Lake,Chest,C:\Users\acoac\OneDrive\DjAco\TRACCE\tabboz\tabboz 2016\CHRIS_LAKE_-_Chest_Official.mp3
Darude,Sandstorm,C:\Users\acoac\OneDrive\DjAco\TRACCE\tabboz\tabboz 2016\Darude_-_Sandstorm.mp3
David Guetta,Titanium ft Sia,C:\Users\acoac\OneDrive\DjAco\TRACCE\tabboz\tabboz 2016\David_Guetta_-_Titanium_ft._Sia_(Official_Video).mp3
David Guetta,Shot Me Down - ft Skylar Grey,C:\Users\acoac\OneDrive\DjAco\TRACCE\tabboz\tabboz 2016\David_Guetta_ft._Skylar_Grey_-_Shot_Me_Down_(_Extended_version_).mp3
Deorro,Stopping Us,C:\Users\acoac\OneDrive\DjAco\TRACCE\tabboz\tabboz 2016\Deorro - Stopping Us (Original Mix).mp3
Deorro ft Chris Brown,Five Hours,C:\Users\acoac\OneDrive\DjAco\TRACCE\tabboz\tabboz 2016\Deorro Feat. Chris Brown-Five Hours (Clean).mp3
Deorro ft J-Trick,Rambo - Hardwell edit,C:\Users\acoac\OneDrive\DjAco\TRACCE\tabboz\tabboz 2016\Deorro_&_J-Trick_-_Rambo_(Hardwell_Edit)_(Official_Music_Video).mp3
Dimitri Vegas,Tremor,C:\Users\acoac\OneDrive\DjAco\TRACCE\tabboz\tabboz 2016\Dimitri_Vegas_Martin_Garrix_Like_Mike_-_Tremor_(Official_Music_Video).mp3
DJ S.K.T.,Take Me Away ft Rae,C:\Users\acoac\OneDrive\DjAco\TRACCE\tabboz\tabboz 2016\DJ_S.K.T_-_Take_Me_Away_(Ft._Rae).mp3
Dr. Kucho & Gregor Salto ft Ane Brun,Can't stop playing,C:\Users\acoac\OneDrive\DjAco\TRACCE\tabboz\tabboz 2016\Dr._Kucho_&_Gregor_Salto_ft._Ane_Brun_-_Cant_Stop_Playing_(Makes_Me_High)_Oliver_Helden.mp3
DVBBS & Borgeus,Tsunami,C:\Users\acoac\OneDrive\DjAco\TRACCE\tabboz\tabboz 2016\DVBBS_&_Borgeous_-_TSUNAMI_(Original_Mix).mp3
DVBSS & Moti,This is dirty,C:\Users\acoac\OneDrive\DjAco\TRACCE\tabboz\tabboz 2016\DVBBS_&_MOTi_-_This_Is_Dirty_(Original_Mix).mp3
Feder,Goodbye Girl,C:\Users\acoac\OneDrive\DjAco\TRACCE\tabboz\tabboz 2016\Feder_Max_C_Juicy_J_Ice_Cube_RedFoo_&_Lyse_-_Goodbye_Girl_(Billy_S_Mashup)_(Music_Vide.mp3
Federico Scavo & Andrea Guzzoletti,Strump,C:\Users\acoac\OneDrive\DjAco\TRACCE\tabboz\tabboz 2016\Federico_Scavo_&_Andrea_Guzzoletti_-_Strump_(Original_Mix).mp3
Deorro ft Chris Brown,Five more hours,C:\Users\acoac\OneDrive\DjAco\TRACCE\tabboz\tabboz 2016\Five_More_Hours_-_Deorro_&_Chris_Brown_(Lyrics).mp3
Galantis,Gold Dust,C:\Users\acoac\OneDrive\DjAco\TRACCE\tabboz\tabboz 2016\Galantis - Gold Dust.mp3
Hardwell feat. Mitch Crown,Call Me A Spaceman,C:\Users\acoac\OneDrive\DjAco\TRACCE\tabboz\tabboz 2016\hardwell call me a spaceman.mp3
Hardwell & W&W,Jumper,C:\Users\acoac\OneDrive\DjAco\TRACCE\tabboz\tabboz 2016\Hardwell_&WW_-_Jumper_OFFICIAL_ORIGINAL_MIX_HQ.mp3
Headhunterz,To Be Me ft. Raphaella,C:\Users\acoac\OneDrive\DjAco\TRACCE\tabboz\tabboz 2016\Headhunterz - To Be Me ft. Raphaella (Shilo Edit).mp3
Joshi Mami,I need your love,C:\Users\acoac\OneDrive\DjAco\TRACCE\tabboz\tabboz 2016\JOSHI_MAMI_-_I_Need_Your_Love_(Illyus_&_Barrientos_Remix).mp3
KSHMR,Megalodon,C:\Users\acoac\OneDrive\DjAco\TRACCE\tabboz\tabboz 2016\KSHMR_-_Megalodon_(Original_Mix) (1).mp3
Lost Frequencies,Are You With Me,C:\Users\acoac\OneDrive\DjAco\TRACCE\tabboz\tabboz 2016\Lost Frequencies - Are You With Me.mp3
Major Lazer and DJ Snake ft MO,Lean On (Tiesto and Moti Remix),C:\Users\acoac\OneDrive\DjAco\TRACCE\tabboz\tabboz 2016\Major Lazer and DJ Snake feat. MO-Lean On (Tiesto and Moti Remix).mp3
Martin Garrix,Helicopter ft Firebeatz,C:\Users\acoac\OneDrive\DjAco\TRACCE\tabboz\tabboz 2016\Martin_Garrix_&_Firebeatz_-_Helicopter_(Original_Mix).mp3
Martin Garrix,Wizard ft Jay Hardway,C:\Users\acoac\OneDrive\DjAco\TRACCE\tabboz\tabboz 2016\Martin_Garrix_&_Jay_Hardway_-_Wizard_(Original_Mix).mp3
Martin Garrix,Animals,C:\Users\acoac\OneDrive\DjAco\TRACCE\tabboz\tabboz 2016\Martin_Garrix_-_Animals_(Original_Mix).mp3
Martin Solveig,Intoxicated,C:\Users\acoac\OneDrive\DjAco\TRACCE\tabboz\tabboz 2016\Martin_Solveig_&_GTA_-_Intoxicated_(Official_Music_Video).mp3
Oliver Heldens ft Becky Hill,Gecko,C:\Users\acoac\OneDrive\DjAco\TRACCE\tabboz\tabboz 2016\Oliver_Heldens_X_Becky_Hill_-_Gecko_(Overdrive)_Radio_Edit.mp3
R3hab,Samurai (Go Hard),C:\Users\acoac\OneDrive\DjAco\TRACCE\tabboz\tabboz 2016\R3hab_-_Samurai_(Go_Hard)_Official_Video.mp3
Rihanna ft Jacob Plant Dubstep Remix,Diamonds,C:\Users\acoac\OneDrive\DjAco\TRACCE\tabboz\tabboz 2016\Rihanna_-_Diamonds_(Jacob_Plant_Dubstep_Remix).mp3
Sean Paul,Get Busy (Loutaa 2 A.M Remix),C:\Users\acoac\OneDrive\DjAco\TRACCE\tabboz\tabboz 2016\Sean Paul - Get Busy (Loutaa 2 A.M Remix).mp3
Sean Paul,Temperature ft.Pitbull (REMIX),C:\Users\acoac\OneDrive\DjAco\TRACCE\tabboz\tabboz 2016\Sean Paul - Temperature ft.Pitbull (REMIX).mp3
Sebastian Ingrosso & Alesso ft Ryan Tedder,Calling (Lose My Mind,C:\Users\acoac\OneDrive\DjAco\TRACCE\tabboz\tabboz 2016\Sebastian_Ingrosso_&_Alesso_ft._Ryan_Tedder_--_Calling_(Lose_My_Mind)__Radio_Edit.mp3
Sway,Mucho mambo (sway),C:\Users\acoac\OneDrive\DjAco\TRACCE\tabboz\tabboz 2016\shaft- Mucho mambo (sway).mp3
Sharam Jey & Daniel Fernandes,Jump Up,C:\Users\acoac\OneDrive\DjAco\TRACCE\tabboz\tabboz 2016\Sharam_Jey_&_Daniel_Fernandes_-_Jump_Up_(Original_Mix).mp3
Swedish House Mafia,One,C:\Users\acoac\OneDrive\DjAco\TRACCE\tabboz\tabboz 2016\Swedish House Mafia - One (Original Mix) [320] [eWiz].mp3
Tiësto & DallasK,Show Me,C:\Users\acoac\OneDrive\DjAco\TRACCE\tabboz\tabboz 2016\Tiësto & DallasK - Show Me.mp3
Tiësto & KSHMR,Secrets,C:\Users\acoac\OneDrive\DjAco\TRACCE\tabboz\tabboz 2016\Tiësto & KSHMR - Secrets.mp3
TJR,Whats Up Suckaz,C:\Users\acoac\OneDrive\DjAco\TRACCE\tabboz\tabboz 2016\TJR_-_Whats_Up_Suckaz_(Original_Mix).mp3
TST & Twoloud,Drop It Like This,C:\Users\acoac\OneDrive\DjAco\TRACCE\tabboz\tabboz 2016\TST_&_twoloud_-_Drop_It_Like_This_(Original_Mix).mp3
Ummet Ozcan,Raise Your Hands,C:\Users\acoac\OneDrive\DjAco\TRACCE\tabboz\tabboz 2016\Ummet Ozcan - Raise Your Hands.mp3
Zedd,I Want You To Know ft Selena Gomez,C:\Users\acoac\OneDrive\DjAco\TRACCE\tabboz\tabboz 2016\Zedd - I Want You To Know ft. Selena Gomez.mp3
Avicii,Avicii - Levels (FTampa Remix),C:\Users\acoac\OneDrive\DjAco\TRACCE\tabboz\tabboz 2018\Avicii - Levels (FTampa Remix).mp3
Betta Lemme,BETTA LEMME - BAMBOLA (Official Video),C:\Users\acoac\OneDrive\DjAco\TRACCE\tabboz\tabboz 2018\BETTA LEMME - BAMBOLA (Official Video).mp3
Carnage feat. Timmy Trumpet & KSHMR,Toca (Official video),C:\Users\acoac\OneDrive\DjAco\TRACCE\tabboz\tabboz 2018\Carnage feat. Timmy Trumpet & KSHMRToca (Official video).mp3
Don Diablo,Don Diablo - MomentumOfficial Music Video,C:\Users\acoac\OneDrive\DjAco\TRACCE\tabboz\tabboz 2018\Don Diablo - MomentumOfficial Music Video.mp3
Erika,Relations,C:\Users\acoac\OneDrive\DjAco\TRACCE\tabboz\tabboz 2018\Erika - Relations.mp3
Hardwell & Armin van Buuren,Off The Hook (Original Mix),C:\Users\acoac\OneDrive\DjAco\TRACCE\tabboz\tabboz 2018\Hardwell & Armin van Buuren - Off The Hook (Original Mix).mp3
J Balvin & Willy William,Mi Gente (Steve Aoki Remix) Official Music Video,C:\Users\acoac\OneDrive\DjAco\TRACCE\tabboz\tabboz 2018\J Balvin & Willy William - Mi Gente (Steve Aoki Remix) Official Music Video.mp3
Kah Lo,Fasta Official Audio,C:\Users\acoac\OneDrive\DjAco\TRACCE\tabboz\tabboz 2018\Kah Lo - Fasta Official Audio.mp3
Kideko,Kideko - Dum Dum,C:\Users\acoac\OneDrive\DjAco\TRACCE\tabboz\tabboz 2018\Kideko - Dum Dum.mp3
Jax Jones,Bum Bum Tam Tam,"C:\Users\acoac\OneDrive\DjAco\TRACCE\tabboz\tabboz 2018\Mc Fioti, Future, J. Balvin, Stefflon Don, Juan Magan - Bum Bum Tam Tam (Jax Jones Remix).mp3"
Ofenbach vs. Nick Waterhouse,Katchi (Official Video),C:\Users\acoac\OneDrive\DjAco\TRACCE\tabboz\tabboz 2018\Ofenbach vs. Nick Waterhouse - Katchi (Official Video).mp3
"RUN-DMC, Jason Nevins",It's Like That,"C:\Users\acoac\OneDrive\DjAco\TRACCE\tabboz\tabboz 2018\RUN-DMC, Jason Nevins - It's Like That.mp3"
Sia,Sia - Chandelier (Official Video),C:\Users\acoac\OneDrive\DjAco\TRACCE\tabboz\tabboz 2018\Sia - Chandelier (Official Video).mp3
Sofi Tukker,"Best Friend feat. NERVO, The Knocks & Alisa Ueno","C:\Users\acoac\OneDrive\DjAco\TRACCE\tabboz\tabboz 2018\SOFI TUKKER - Best Friend feat. NERVO, The Knocks & Alisa Ueno (Official Video) Ultra Music.mp3"
Steve Angello feat. Pusha,Freedom feat. Pusha T (Official Audio),C:\Users\acoac\OneDrive\DjAco\TRACCE\tabboz\tabboz 2018\Steve Angello - Freedom feat. Pusha T (Official Audio).mp3
ZHU,Nightcrawler,C:\Users\acoac\OneDrive\DjAco\TRACCE\tabboz\tabboz 2018\ZHU - Nightcrawler (Audio).mp3
Achille Lauro,1969,C:\Users\acoac\OneDrive\DjAco\TRACCE\tabboz\tabboz 2019\Achille Lauro - 1969 .mp3
Barbatuques,Baianá,C:\Users\acoac\OneDrive\DjAco\TRACCE\tabboz\tabboz 2019\Barbatuques - Baianá (Pablo Fierro Edit).mp3
Carl Brave,Posso,C:\Users\acoac\OneDrive\DjAco\TRACCE\tabboz\tabboz 2019\Carl Brave - Posso .mp3
Daddy Yankee,Con Calma,C:\Users\acoac\OneDrive\DjAco\TRACCE\tabboz\tabboz 2019\Daddy Yankee - Con Calma .mp3
DJ Snake,Taki Taki,C:\Users\acoac\OneDrive\DjAco\TRACCE\tabboz\tabboz 2019\DJ Snake - Taki Taki .mp3
Fabio Rovazzi,Andiamo A Comandare,C:\Users\acoac\OneDrive\DjAco\TRACCE\tabboz\tabboz 2019\Fabio Rovazzi - Andiamo A Comandare .mp3
J-AX,Ostia lido,C:\Users\acoac\OneDrive\DjAco\TRACCE\tabboz\tabboz 2019\J-AX - Ostia lido .mp3
Lizzo,Truth Hurts,C:\Users\acoac\OneDrive\DjAco\TRACCE\tabboz\tabboz 2019\Lizzo - Truth Hurts.mp3
Lumidee,"Never Leave You (Uh Oooh, Uh Oooh)","C:\Users\acoac\OneDrive\DjAco\TRACCE\tabboz\tabboz 2019\Lumidee - Never Leave You (Uh Oooh, Uh Oooh) .mp3"
Machete,YOSHI,C:\Users\acoac\OneDrive\DjAco\TRACCE\tabboz\tabboz 2019\Machete - YOSHI (prod. Strage).mp3
Pussy Dub Foundation,Make the World Go Round,C:\Users\acoac\OneDrive\DjAco\TRACCE\tabboz\tabboz 2019\Pussy Dub Foundation - Make the World Go Round (Gambafreaks Main Mix).mp3
Robin Thicke,Blurred Lines,C:\Users\acoac\OneDrive\DjAco\TRACCE\tabboz\tabboz 2019\Robin Thicke - Blurred Lines .mp3
Salmo,90MIN,C:\Users\acoac\OneDrive\DjAco\TRACCE\tabboz\tabboz 2019\Salmo - 90MIN.mp3
Takagi & Ketra,"Da solaIn the night ft. Tommaso Paradiso, Elisa","C:\Users\acoac\OneDrive\DjAco\TRACCE\tabboz\tabboz 2019\Takagi & Ketra - Da solaIn the night ft. Tommaso Paradiso, Elisa.mp3"
Takagi & Ketra,JAMBO,C:\Users\acoac\OneDrive\DjAco\TRACCE\tabboz\tabboz 2019\Takagi & Ketra - JAMBO .mp3
Taylor Swift,You Need To Calm Down,C:\Users\acoac\OneDrive\DjAco\TRACCE\tabboz\tabboz 2019\Taylor Swift - You Need To Calm Down.mp3
Thegiornalisti,Maradona y Pelé,C:\Users\acoac\OneDrive\DjAco\TRACCE\tabboz\tabboz 2019\Thegiornalisti - Maradona y Pelé .mp3
Tones and I,Dance Monkey,C:\Users\acoac\OneDrive\DjAco\TRACCE\tabboz\tabboz 2019\Tones and I - Dance Monkey.mp3
Becky Hill & Topic,My Heart Goes (La Di Da),C:\Users\acoac\OneDrive\DjAco\TRACCE\tabboz\tabboz 2022\Becky Hill & Topic - My Heart Goes (La Di Da)  Official Lyric Video.mp3
Boney M. & Majestic,Rasputin (Extended Mix),C:\Users\acoac\OneDrive\DjAco\TRACCE\tabboz\tabboz 2022\Boney M. & Majestic - Rasputin (Extended Mix) myfreemp3.vip .mp3
Celvin Rotane,I Believe (Dub Mix),C:\Users\acoac\OneDrive\DjAco\TRACCE\tabboz\tabboz 2022\Celvin Rotane - I Believe (Dub Mix) (Dub Mix) myfreemp3.vip .mp3
James Hype & Tita Lau,Disconnected,C:\Users\acoac\OneDrive\DjAco\TRACCE\tabboz\tabboz 2022\Disconnected.mp3
"Divolly & Markward, Panuma feat. Darla Jade",Drowning,"C:\Users\acoac\OneDrive\DjAco\TRACCE\tabboz\tabboz 2022\Divolly & Markward, Panuma feat. Darla Jade - Drowning myfreemp3.vip .mp3"
DJ Cerla & Moratto,Wonder,C:\Users\acoac\OneDrive\DjAco\TRACCE\tabboz\tabboz 2022\DJ Cerla & Moratto - Wonder.mp3
Endor,Pump It Up,C:\Users\acoac\OneDrive\DjAco\TRACCE\tabboz\tabboz 2022\Endor - Pump It Up.mp3
"Fedez, Tananai, Mara Sattei",LA DOLCE VITA,"C:\Users\acoac\OneDrive\DjAco\TRACCE\tabboz\tabboz 2022\Fedez, Tananai, Mara Sattei - LA DOLCE VITA (Official Video).mp3"
Ghali,PARE feat. Madame,C:\Users\acoac\OneDrive\DjAco\TRACCE\tabboz\tabboz 2022\Ghali – PARE feat. Madame (prod. ITACA) [Official Video].mp3
Gigi D'Agostino & Luca Noise,Beautiful,C:\Users\acoac\OneDrive\DjAco\TRACCE\tabboz\tabboz 2022\Gigi D'Agostino & Luca Noise - Beautiful ( Official Lyric Video ).mp3
Hoàng Read,The Magic Bomb (Questions I get asked),C:\Users\acoac\OneDrive\DjAco\TRACCE\tabboz\tabboz 2022\Hoàng Read - The Magic Bomb (Questions I get asked) [Official Audio].mp3
Joel Corry x MNEK,Head & Heart,C:\Users\acoac\OneDrive\DjAco\TRACCE\tabboz\tabboz 2022\Joel Corry x MNEK - Head & Heart [Official Video].mp3
M¥SS KETA,FINIMONDO,C:\Users\acoac\OneDrive\DjAco\TRACCE\tabboz\tabboz 2022\M¥SS KETA - FINIMONDO.mp3
Raffa FL,Ritmo (Extended Mix),C:\Users\acoac\OneDrive\DjAco\TRACCE\tabboz\tabboz 2022\Ritmo (Extended Mix).mp3
Shouse,Love Tonight,C:\Users\acoac\OneDrive\DjAco\TRACCE\tabboz\tabboz 2022\Shouse - Love Tonight (Radio Edit).mp3
Alex Farolfi Ft. Aaron Pfeiffer,Time Won't Wait,C:\Users\acoac\OneDrive\DjAco\TRACCE\tabboz\tabboz 2023\Alex Farolfi Ft. Aaron Pfeiffer - Time Won't Wait (Official Video).mp3
Annalisa,Mon Amour,C:\Users\acoac\OneDrive\DjAco\TRACCE\tabboz\tabboz 2023\Annalisa - Mon Amour (Official Video).mp3
"Calvin Harris, Ellie Goulding",Miracle,"C:\Users\acoac\OneDrive\DjAco\TRACCE\tabboz\tabboz 2023\Calvin Harris, Ellie Goulding - Miracle (Official Video).mp3"
"Calvin Harris, Sam Smith",Desire,"C:\Users\acoac\OneDrive\DjAco\TRACCE\tabboz\tabboz 2023\Calvin Harris, Sam Smith - Desire (Official Lyric Video).mp3"
Datura,Will Be One,C:\Users\acoac\OneDrive\DjAco\TRACCE\tabboz\tabboz 2023\Datura - Will Be One (Todo En Todos Extended).mp3
"David Guetta, Anne-Marie, Coi Leray",Baby Dont Hurt Me,"C:\Users\acoac\OneDrive\DjAco\TRACCE\tabboz\tabboz 2023\David Guetta, Anne-Marie, Coi Leray - Baby Dont Hurt Me (Official Video).mp3"
Dj Lhasa vs Gabry Ponte,Giulia,C:\Users\acoac\OneDrive\DjAco\TRACCE\tabboz\tabboz 2023\Dj Lhasa vs Gabry Ponte - Giulia.mp3
Dom Dolla & Nelly Furtado,Eat Your Man (Extended Mix),C:\Users\acoac\OneDrive\DjAco\TRACCE\tabboz\tabboz 2023\Dom Dolla & Nelly Furtado - Eat Your Man (Extended Mix).mp3
"Fedez ft. Crookers, YMSS KETA, Dargen D'Amico",La cassa spinge,"C:\Users\acoac\OneDrive\DjAco\TRACCE\tabboz\tabboz 2023\Fedez - LA CASSA SPINGE 2021 (Visualizer) ft. Crookers, MSS KETA, Dargen D'Amico.mp3"
"Fedez, Annalisa, Articolo 31",Disco Paradise,"C:\Users\acoac\OneDrive\DjAco\TRACCE\tabboz\tabboz 2023\Fedez, Annalisa, Articolo 31 - DISCO PARADISE (Official Video).mp3"
Franesco Rossi,Paper Aeroplane,C:\Users\acoac\OneDrive\DjAco\TRACCE\tabboz\tabboz 2023\Francesco Rossi - Paper Aeroplane [Official Video] (320 kbps).mp3
Friend Within,Friend Within - The Renegade,C:\Users\acoac\OneDrive\DjAco\TRACCE\tabboz\tabboz 2023\Friend Within - The Renegade.mp3
"Gabry Ponte, Hosanna",One By One (Extended Mix),"C:\Users\acoac\OneDrive\DjAco\TRACCE\tabboz\tabboz 2023\Gabry Ponte, Hosanna - One By One (Extended Mix).mp3"
Genesi,Everything You Have Done,C:\Users\acoac\OneDrive\DjAco\TRACCE\tabboz\tabboz 2023\GENESI - Everything You Have Done (Meduza Extended Edit).mp3
Harrison ft Stori,Unholy,C:\Users\acoac\OneDrive\DjAco\TRACCE\tabboz\tabboz 2023\Harrison - Unholy (feat Stori).mp3
Hypaton x David Guetta,Be My Lover (feat. La Bouche),C:\Users\acoac\OneDrive\DjAco\TRACCE\tabboz\tabboz 2023\Hypaton x David Guetta - Be My Lover (feat. La Bouche) [2023 Extended Mix].mp3
Jain,Makeba (Ian Asher Remix),C:\Users\acoac\OneDrive\DjAco\TRACCE\tabboz\tabboz 2023\Jain - Makeba (Ian Asher Remix).mp3
Jake La Furia,6 del mattino (Official Video) ft. Brancar,C:\Users\acoac\OneDrive\DjAco\TRACCE\tabboz\tabboz 2023\Jake La Furia - 6 del mattino (Official Video) ft. Brancar.mp3
Jake La Furia,El Party ft. Alessio La Profunda Melodia,C:\Users\acoac\OneDrive\DjAco\TRACCE\tabboz\tabboz 2023\Jake La Furia - El Party ft. Alessio La Profunda Melodia.mp3
Jam & Spoon,Right In The Night 2017 (RDC Remix),C:\Users\acoac\OneDrive\DjAco\TRACCE\tabboz\tabboz 2023\Jam & Spoon - Right In The Night 2017 (RDC Remix).mp3
Jay Hardway,Operation Unicorn (Official Audio),C:\Users\acoac\OneDrive\DjAco\TRACCE\tabboz\tabboz 2023\Jay Hardway - Operation Unicorn (Official Audio).mp3
"Jennifer Lopez, Dayvi, Víctor Cárdenas",Baila Conmigo,"C:\Users\acoac\OneDrive\DjAco\TRACCE\tabboz\tabboz 2023\Jennifer Lopez, Dayvi, Víctor Cárdenas - Baila Conmigo (Audio).mp3"
Joel Corry x Da Hool,The Parade (Extended Mix),C:\Users\acoac\OneDrive\DjAco\TRACCE\tabboz\tabboz 2023\Joel Corry x Da Hool - The Parade (Extended Mix)  TECH HOUSE 2022.mp3
Jovanotti,L'Estate Addosso,C:\Users\acoac\OneDrive\DjAco\TRACCE\tabboz\tabboz 2023\Jovanotti - L'Estate Addosso.mp3
Cristian Marchi ft. Dr.Feelx,Love Sex American Express,C:\Users\acoac\OneDrive\DjAco\TRACCE\tabboz\tabboz 2023\Love Sex American Express - Cristian Marchi ft. Dr.Feelx.mp3
Madonna,Madonna - Hung Up on Tokischa (Official Music Video) (320 kbps),C:\Users\acoac\OneDrive\DjAco\TRACCE\tabboz\tabboz 2023\Madonna - Hung Up on Tokischa (Official Music Video) (320 kbps).mp3
Minor Science,Another Moon,C:\Users\acoac\OneDrive\DjAco\TRACCE\tabboz\tabboz 2023\Minor Science - Another Moon.mp3
Parov Stelar,All Night (Extended Club Version),C:\Users\acoac\OneDrive\DjAco\TRACCE\tabboz\tabboz 2023\Parov Stelar - All Night (Extended Club Version) (Official Audio).mp3
Purple Disco Machine,Dopamine ft. Eyelar,C:\Users\acoac\OneDrive\DjAco\TRACCE\tabboz\tabboz 2023\Purple Disco Machine - Dopamine (Official Music Video) ft. Eyelar.mp3
RAYE,Black Mascara,C:\Users\acoac\OneDrive\DjAco\TRACCE\tabboz\tabboz 2023\RAYE - Black Mascara. (320 kbps).mp3
Sidekick,Deep Fear (Phobia Club Mix),C:\Users\acoac\OneDrive\DjAco\TRACCE\tabboz\tabboz 2023\Sidekick - Deep Fear (Phobia Club Mix) (320 kbps).mp3
Soolking feat. Boro boro,Suavemente,C:\Users\acoac\OneDrive\DjAco\TRACCE\tabboz\tabboz 2023\Soolking feat. Boro boro - Suavemente (Clip Officiel).mp3
Sophie and the Giants,Sophie and the Giants - DNA (feat. MEARSY),C:\Users\acoac\OneDrive\DjAco\TRACCE\tabboz\tabboz 2023\Sophie and the Giants - DNA (feat. MEARSY).mp3
Swedish House Mafia,It Gets Better,C:\Users\acoac\OneDrive\DjAco\TRACCE\tabboz\tabboz 2023\Swedish House Mafia - It Gets Better (Official Video).mp3
The Kolors,ITALODISCO,C:\Users\acoac\OneDrive\DjAco\TRACCE\tabboz\tabboz 2023\The Kolors - ITALODISCO (Lyric Video).mp3
"MKJ, Rayasa & Able Faces",The Night,C:\Users\acoac\OneDrive\DjAco\TRACCE\tabboz\tabboz 2023\The Night.mp3
Tiga,Mind Dimension,C:\Users\acoac\OneDrive\DjAco\TRACCE\tabboz\tabboz 2023\Tiga - Mind Dimension.mp3
Twocolors x Safri Duo x Chris de Sarandy,Cynical [Extended Mix],C:\Users\acoac\OneDrive\DjAco\TRACCE\tabboz\tabboz 2023\twocolors x Safri Duo x Chris de Sarandy - Cynical [Extended Mix].mp3
Yolanda Be Cool & Massivedrum,Hacia La Noche (Extended Mix),C:\Users\acoac\OneDrive\DjAco\TRACCE\tabboz\tabboz 2023\Yolanda Be Cool & Massivedrum - Hacia La Noche (Extended Mix).mp3
Alan Walker x VIZE,Space Melody (Edward Artemyev ft. Leony),C:\Users\acoac\OneDrive\DjAco\TRACCE\tabboz\tabboz 2024-2025\Alan Walker x VIZE - Space Melody (Lyrics) Edward Artemyev ft. Leony.mp3
"BIA, Sfera Ebbasta, Fivio Foreign",Milano,"C:\Users\acoac\OneDrive\DjAco\TRACCE\tabboz\tabboz 2024-2025\BIA, Sfera Ebbasta, Fivio Foreign - MILANO (Official Music Video).mp3"
Danit,Lunita,C:\Users\acoac\OneDrive\DjAco\TRACCE\tabboz\tabboz 2024-2025\Danit - Lunita.mp3
Chemical Brothers,Galvanize,C:\Users\acoac\OneDrive\DjAco\TRACCE\tabboz\tabboz 2024-2025\Galvanize (Extended Version).mp3
Gigi D'Agostino & Luca Noise,Osservo,C:\Users\acoac\OneDrive\DjAco\TRACCE\tabboz\tabboz 2024-2025\Gigi DAgostino & Lento Violento - Osservo ( Dance Mix Gigi Dag & Luca Noise ).mp3
Grimes,Grimes - Oblivion,C:\Users\acoac\OneDrive\DjAco\TRACCE\tabboz\tabboz 2024-2025\Grimes - Oblivion.mp3
Mahmood,Tuta Gold,C:\Users\acoac\OneDrive\DjAco\TRACCE\tabboz\tabboz 2024-2025\Mahmood - TUTA GOLD (Sanremo 2024).mp3
Martin Solveig & Dragonette,Hello,C:\Users\acoac\OneDrive\DjAco\TRACCE\tabboz\tabboz 2024-2025\Martin Solveig & Dragonette - Hello (Official Music Video) [HD]-aco_xps.mp3
MYLØ ft. Zafra Negra,Sufriendo (Official Video),C:\Users\acoac\OneDrive\DjAco\TRACCE\tabboz\tabboz 2024-2025\MYLØ ft. Zafra Negra - Sufriendo (Official Video)-aco_xps.mp3
Power in my Hands,Power in my Hands (Radio Edit),C:\Users\acoac\OneDrive\DjAco\TRACCE\tabboz\tabboz 2024-2025\Power in my Hands (Radio Edit).mp3
Reel 2 Real feat. The Mad Stuntman,I Like To Move It,C:\Users\acoac\OneDrive\DjAco\TRACCE\tabboz\tabboz 2024-2025\Reel 2 Real feat. The Mad Stuntman - I Like To Move It (Official Video).mp3
Salt-N-Pepa,Push It,C:\Users\acoac\OneDrive\DjAco\TRACCE\tabboz\tabboz 2024-2025\Salt-N-Pepa - Push It (Official Music Video).mp3
Sem Chão,Malemolência,C:\Users\acoac\OneDrive\DjAco\TRACCE\tabboz\tabboz 2024-2025\Sem Chão (Malemolência).mp3
The Cramps,Goo Goo Muck (Official Audio),C:\Users\acoac\OneDrive\DjAco\TRACCE\tabboz\tabboz 2024-2025\The Cramps - Goo Goo Muck (Official Audio).mp3
The Prodigy,Breathe,C:\Users\acoac\OneDrive\DjAco\TRACCE\tabboz\tabboz 2024-2025\The Prodigy - Breathe.mp3
The Prodigy,Smack My Bitch Up,C:\Users\acoac\OneDrive\DjAco\TRACCE\tabboz\tabboz 2024-2025\The Prodigy - Smack My Bitch Up.mp3
Yves LaRock,Rise Up,C:\Users\acoac\OneDrive\DjAco\TRACCE\tabboz\tabboz 2024-2025\Yves LaRock - Rise Up.mp3
Zerb,Mwaki (feat. Sofiya Nzau),C:\Users\acoac\OneDrive\DjAco\TRACCE\tabboz\tabboz 2024-2025\Zerb - Mwaki (feat. Sofiya Nzau) [Official Audio].mp3
50 Cent,50 Cent - In Da Club (Official Music Video),C:\Users\acoac\OneDrive\DjAco\TRACCE\tabboz\tabboz 2026\50 Cent  In Da Club Official Music Video.mp3
BABY GANG ❌ EL ALFA ❌ OMEGA,KRIMINAL,C:\Users\acoac\OneDrive\DjAco\TRACCE\tabboz\tabboz 2026\BABY GANG  EL ALFA  OMEGA  KRIMINAL Prod by Roberto Ferrante Official Video.mp3
"Braaheim, Level 8",Braaheim & Level 8 - Dark Horse,C:\Users\acoac\OneDrive\DjAco\TRACCE\tabboz\tabboz 2026\Braaheim  Level 8  Dark Horse.mp3
Mind Enterprises,Burn It!,C:\Users\acoac\OneDrive\DjAco\TRACCE\tabboz\tabboz 2026\Burn It.mp3
"50 Cent, Olivia",Candy Shop,C:\Users\acoac\OneDrive\DjAco\TRACCE\tabboz\tabboz 2026\Candy Shop.mp3
"Disco Lines, Tinashe",Disco Lines & Tinashe - No Broke Boys (Lyrics),C:\Users\acoac\OneDrive\DjAco\TRACCE\tabboz\tabboz 2026\Disco Lines  Tinashe  No Broke Boys Lyrics.mp3
Fatboy Slim,Fatboy Slim - Rockafeller Skank [Official Video],C:\Users\acoac\OneDrive\DjAco\TRACCE\tabboz\tabboz 2026\Fatboy Slim  Rockafeller Skank Official Video.mp3
Yeah Yeah Yeahs,Heads Will Roll (A-Trak Remix Radio Edit),C:\Users\acoac\OneDrive\DjAco\TRACCE\tabboz\tabboz 2026\Heads Will Roll ATrak Remix Radio Edit.mp3
Kaleb Di Masi ❌ Sfera Ebbasta ❌ RVFV ❌ Omar Varela,Kaleb Di Masi ❌ Sfera Ebbasta ❌ RVFV ❌ Omar Varela - Hace Calor Remix (Video Oficial),C:\Users\acoac\OneDrive\DjAco\TRACCE\tabboz\tabboz 2026\Kaleb Di Masi  Sfera Ebbasta  RVFV  Omar Varela  Hace Calor Remix Video Oficial.mp3
Laurent Wolf,Laurent Wolf - No Stress (Official Music Video),C:\Users\acoac\OneDrive\DjAco\TRACCE\tabboz\tabboz 2026\Laurent Wolf  No Stress Official Music Video.mp3
Camisra,Let Me Show You (Extended Mix),C:\Users\acoac\OneDrive\DjAco\TRACCE\tabboz\tabboz 2026\Let Me Show You Extended Mix.mp3
Peggy Gou,Lobster Telephone (Full Length),C:\Users\acoac\OneDrive\DjAco\TRACCE\tabboz\tabboz 2026\Lobster Telephone Full Length.mp3
Los Colorados,Los Colorados - I Like To Move It (Official ZDF Football Song),C:\Users\acoac\OneDrive\DjAco\TRACCE\tabboz\tabboz 2026\Los Colorados  I Like To Move It Official ZDF Football Song.mp3
Gil Berg,Marine 9 (DImitris Kalfas Remix),C:\Users\acoac\OneDrive\DjAco\TRACCE\tabboz\tabboz 2026\Marine 9 DImitris Kalfas Remix.mp3
"ORION ""CAMBODIA""","ORION ""CAMBODIA""",C:\Users\acoac\OneDrive\DjAco\TRACCE\tabboz\tabboz 2026\ORION CAMBODIA.mp3
"Quarterhead, SESA",Quarterhead & SESA - You Will See (Official Audio),C:\Users\acoac\OneDrive\DjAco\TRACCE\tabboz\tabboz 2026\Quarterhead  SESA  You Will See Official Audio.mp3
"Benny V, K-Warren, Ragga Twins",Real Junglists (Original Mix),C:\Users\acoac\OneDrive\DjAco\TRACCE\tabboz\tabboz 2026\Real Junglists Original Mix.mp3
Tame Impala,Tame Impala - My Old Ways (Official Video),C:\Users\acoac\OneDrive\DjAco\TRACCE\tabboz\tabboz 2026\Tame Impala  My Old Ways Official Video.mp3
Underworld,Underworld - Born Slippy (Nuxx),C:\Users\acoac\OneDrive\DjAco\TRACCE\tabboz\tabboz 2026\Underworld  Born Slippy Nuxx.mp3
Porn Kings,Up To No Good,C:\Users\acoac\OneDrive\DjAco\TRACCE\tabboz\tabboz 2026\Up To No Good.mp3
Porn Kings,Up to Tha Wildstyle (Spencer & Hill Radio Edit),C:\Users\acoac\OneDrive\DjAco\TRACCE\tabboz\tabboz 2026\Up to Tha Wildstyle Spencer  Hill Radio Edit.mp3
4 Clubbers,Children,C:\Users\acoac\OneDrive\DjAco\TRACCE\tabboz\tabboz revival\4_Clubbers_-_Children.mp3
Ace of base,All that she wants - dubstep remix,C:\Users\acoac\OneDrive\DjAco\TRACCE\tabboz\tabboz revival\ace_of_base_-_all_that_she_wants_[dubstep_remix].mp3
Aqua,Barbie Girl,C:\Users\acoac\OneDrive\DjAco\TRACCE\tabboz\tabboz revival\Aqua - Barbie Girl.mp3
ATC,Around The World (La La La La La),C:\Users\acoac\OneDrive\DjAco\TRACCE\tabboz\tabboz revival\ATC - Around The World (La La La La La).mp3
Benny Benassi,Satisfaction,C:\Users\acoac\OneDrive\DjAco\TRACCE\tabboz\tabboz revival\Benny_Benassi_-_Satisfaction.mp3
Bomfunk MCs,Freestyler,C:\Users\acoac\OneDrive\DjAco\TRACCE\tabboz\tabboz revival\Bomfunk_MCs_-_Freestyler.mp3
Carolina Marquez,Ritmo,C:\Users\acoac\OneDrive\DjAco\TRACCE\tabboz\tabboz revival\Carolina Marquez - Ritmo.mp3
Corona,Rhythm Of The Night,C:\Users\acoac\OneDrive\DjAco\TRACCE\tabboz\tabboz revival\Corona - Rhythm Of The Night.mp3
Corona - Zerbexian Dubstep Remix,The Rhythm of the Night,C:\Users\acoac\OneDrive\DjAco\TRACCE\tabboz\tabboz revival\Corona_-_The_Rhythm_of_the_Night_(Zerbexian_Dubstep_Remix)_Free_Download.mp3
Culture Beat,Mr Vain Recall,C:\Users\acoac\OneDrive\DjAco\TRACCE\tabboz\tabboz revival\Culture Beat - Mr Vain Recall.mp3
Da Blitz,Stay with Me,C:\Users\acoac\OneDrive\DjAco\TRACCE\tabboz\tabboz revival\Da Blitz - Stay with Me (Club Mix) (Club Mix) myfreemp3.vip .mp3
Daft Punk,Da funk,C:\Users\acoac\OneDrive\DjAco\TRACCE\tabboz\tabboz revival\Daft Punk - Da funk.mp3
Digital Boy With Asia,The Mountain Of King,C:\Users\acoac\OneDrive\DjAco\TRACCE\tabboz\tabboz revival\Digital Boy With Asia - The Mountain Of King myfreemp3.vip .mp3
Duck Sauce,Barbra Streisand,C:\Users\acoac\OneDrive\DjAco\TRACCE\tabboz\tabboz revival\Duck Sauce- Barbra Streisand.mp3
Edward Maya & Alicia,Stereolove,C:\Users\acoac\OneDrive\DjAco\TRACCE\tabboz\tabboz revival\EdwardMaya&Alicia-StereoLove(2009).mp3
Eiffel 65,I'm Blue,C:\Users\acoac\OneDrive\DjAco\TRACCE\tabboz\tabboz revival\Eiffel 65 - I'm Blue.mp3
Eiffel 65,Viaggia Insieme A Me,C:\Users\acoac\OneDrive\DjAco\TRACCE\tabboz\tabboz revival\Eiffel 65 - Viaggia Insieme A Me.mp3
Eivissa,Oh La La La,C:\Users\acoac\OneDrive\DjAco\TRACCE\tabboz\tabboz revival\Eivissa - Oh La La La.mp3
Frangetta,Milano is burning,C:\Users\acoac\OneDrive\DjAco\TRACCE\tabboz\tabboz revival\Frangetta - milano is burning.mp3
French Affair,My Heart Goes Boom,C:\Users\acoac\OneDrive\DjAco\TRACCE\tabboz\tabboz revival\French Affair - My heart goes boom.mp3
Gabry Ponte,Geordie,C:\Users\acoac\OneDrive\DjAco\TRACCE\tabboz\tabboz revival\Gabry Ponte - Geordie.mp3
Gabry Ponte,La danza delle streghe,C:\Users\acoac\OneDrive\DjAco\TRACCE\tabboz\tabboz revival\Gabry_Ponte_-_La_danza_delle_streghe.mp3
Gala,Freed From Desire,C:\Users\acoac\OneDrive\DjAco\TRACCE\tabboz\tabboz revival\Gala - Freed From Desire.mp3
Gala,Let A Boy Cry [Molella and Phil Jay Edit],C:\Users\acoac\OneDrive\DjAco\TRACCE\tabboz\tabboz revival\Gala - Let a boy cry.mp3
Gala,Come into my life,C:\Users\acoac\OneDrive\DjAco\TRACCE\tabboz\tabboz revival\GALA_-_Come_Into_My_Life_(Official_video_HD).mp3
Gigi D'Agostino,Another Way,C:\Users\acoac\OneDrive\DjAco\TRACCE\tabboz\tabboz revival\Gigi D'Agostino - Another Way ( Official Video ).mp3
Gigi D'Agostino,L'Amour Toujours,C:\Users\acoac\OneDrive\DjAco\TRACCE\tabboz\tabboz revival\Gigi D'Agostino - L'Amour Toujours ( Official Video ).mp3
Gigi D'Agostino,Blablabla,C:\Users\acoac\OneDrive\DjAco\TRACCE\tabboz\tabboz revival\Gigi_D_Agostino_Blablabla.mp3
Gigi D'Agostino,La Passion,C:\Users\acoac\OneDrive\DjAco\TRACCE\tabboz\tabboz revival\Gigi_DAgostino_-_La_Passion_(_Official_Video_).mp3
Gigi D'Agostino,The Riddle,C:\Users\acoac\OneDrive\DjAco\TRACCE\tabboz\tabboz revival\Gigi_DAgostino_-_The_Riddle.mp3
Guru Josh Project,Infinity,C:\Users\acoac\OneDrive\DjAco\TRACCE\tabboz\tabboz revival\Guru josh project - infinity 2009.mp3
Hellen,La Musica Che Batte,C:\Users\acoac\OneDrive\DjAco\TRACCE\tabboz\tabboz revival\Hellen - La musica che batte[Gabry Ponte rmx].mp3
Gigi D'Agostino,I'l Fly With You (Original),C:\Users\acoac\OneDrive\DjAco\TRACCE\tabboz\tabboz revival\I'l Fly With You (Original).mp3
Ice MCs,It's a Rainy Day,C:\Users\acoac\OneDrive\DjAco\TRACCE\tabboz\tabboz revival\Ice MC - It's a Rainy Day.mp3
In Grid,Tu Es Foutu,C:\Users\acoac\OneDrive\DjAco\TRACCE\tabboz\tabboz revival\In Grid - Tu Es Foutu.mp3
Kid Cudi,Day N Nite,C:\Users\acoac\OneDrive\DjAco\TRACCE\tabboz\tabboz revival\Kid Cudi - Day N Nite (Crookers Remix) [www.worldofhouse.es].mp3
Kim Lukas,Let It Be The Night,C:\Users\acoac\OneDrive\DjAco\TRACCE\tabboz\tabboz revival\Kim Lukas - Let It Be The Night.mp3
La Bouche,Be My Lover,C:\Users\acoac\OneDrive\DjAco\TRACCE\tabboz\tabboz revival\La Bouche - Be My Lover.mp3
Lana Del Rey,Summertime Sadness (Cedric Gervais Remix),C:\Users\acoac\OneDrive\DjAco\TRACCE\tabboz\tabboz revival\Lana Del Rey - Summertime Sadness (Cedric Gervais Remix).mp3
Magic Box,Carillon,C:\Users\acoac\OneDrive\DjAco\TRACCE\tabboz\tabboz revival\Magic Box - Carillon.mp3
Mo-Do,Eins Zwei Polizei,C:\Users\acoac\OneDrive\DjAco\TRACCE\tabboz\tabboz revival\Mo-Do_-_Eins_Zwei_Polizei.mp3
Molella,Discotek people,C:\Users\acoac\OneDrive\DjAco\TRACCE\tabboz\tabboz revival\Molella - Discotek people.mp3
Neja,Restless,C:\Users\acoac\OneDrive\DjAco\TRACCE\tabboz\tabboz revival\Neja - Restless.mp3
Paradisio,Bailando,C:\Users\acoac\OneDrive\DjAco\TRACCE\tabboz\tabboz revival\Paradisio - Bailando.mp3
Prezioso feat. Marvin,Le Louvre,C:\Users\acoac\OneDrive\DjAco\TRACCE\tabboz\tabboz revival\Prezioso feat. Marvin - Le Louvre.mp3
Prezioso feat. Marvin,Let Me Stay,C:\Users\acoac\OneDrive\DjAco\TRACCE\tabboz\tabboz revival\Prezioso feat. Marvin - Let Me Stay.mp3
Prezioso feat. Marvin,Lets Talk About A Man,C:\Users\acoac\OneDrive\DjAco\TRACCE\tabboz\tabboz revival\Prezioso feat. Marvin - Lets Talk About A Man.mp3
Prezioso feat. Marvin,Tell Me Why,C:\Users\acoac\OneDrive\DjAco\TRACCE\tabboz\tabboz revival\Prezioso_feat._Marvin - Tell Me Why.mp3
Rino Gaetano - Molella Remix,Il cielo è sempre più blu,C:\Users\acoac\OneDrive\DjAco\TRACCE\tabboz\tabboz revival\Rino_Gaetano_-_Il_cielo_e&#39_sempre_piu&#39_blu_(Molella_remix).mp3
S.M.S. feat. Rehb,La Vie C'est Fantastique,C:\Users\acoac\OneDrive\DjAco\TRACCE\tabboz\tabboz revival\S.M.S. feat. Rehb - La Vie C'est Fantastique.mp3
Sash!,Encore Une Fois,C:\Users\acoac\OneDrive\DjAco\TRACCE\tabboz\tabboz revival\Sash! - Encore Une Fois (Official Video).mp3
Shaft,Mucho mambo sway,C:\Users\acoac\OneDrive\DjAco\TRACCE\tabboz\tabboz revival\Shaft - Mucho mambo sway.mp3
Silvia Coleman,Take My Breath,C:\Users\acoac\OneDrive\DjAco\TRACCE\tabboz\tabboz revival\Silvia Coleman Take My Breath.mp3
Snap!,Rhythm Is A Dancer,C:\Users\acoac\OneDrive\DjAco\TRACCE\tabboz\tabboz revival\Snap - Rhythm Is A Dancer.mp3
The Tamperer,Feel It [Feat. Maya],C:\Users\acoac\OneDrive\DjAco\TRACCE\tabboz\tabboz revival\Tamperer feat. Maya - Feel It.mp3
The Soundlovers,Surrender,C:\Users\acoac\OneDrive\DjAco\TRACCE\tabboz\tabboz revival\THE SOUNDLOVERS - Surrender [Official].mp3
The Tamperer ft. Maya,Feel It,C:\Users\acoac\OneDrive\DjAco\TRACCE\tabboz\tabboz revival\The Tamperer ft. Maya - Feel It (1998) HQ.mp3
U.S.U.R.A. & DATURA,Infinity,C:\Users\acoac\OneDrive\DjAco\TRACCE\tabboz\tabboz revival\U.S.U.R.A._&_DATURA-_Infinity.mp3
Vengaboys,We're Going To Ibiza,C:\Users\acoac\OneDrive\DjAco\TRACCE\tabboz\tabboz revival\Vengaboys - We're going to Ibiza.mp3
Wamdue Project,King Of My Castle,C:\Users\acoac\OneDrive\DjAco\TRACCE\tabboz\tabboz revival\Wamdue Project - King Of My Castle.mp3
Whigfield,Saturday Night,C:\Users\acoac\OneDrive\DjAco\TRACCE\tabboz\tabboz revival\Whigfield - Saturday night.mp3
Bennett,Vois sur ton chemin,C:\Users\acoac\OneDrive\DjAco\TRACCE\tabboz\techno 2024\BENNETT - Vois sur ton chemin (Techno Mix) [Official Audio].mp3
Creeds,Push Up,C:\Users\acoac\OneDrive\DjAco\TRACCE\tabboz\techno 2024\Creeds - Push Up (Official Video).mp3
Datura,Angeli Domini (Alma Mater),C:\Users\acoac\OneDrive\DjAco\TRACCE\tabboz\techno 2024\Datura - Angeli Domini (Alma Mater).mp3
Gabry Ponte,Destination Infinity (feat. Datura),C:\Users\acoac\OneDrive\DjAco\TRACCE\tabboz\techno 2024\Gabry Ponte - Destination Infinity (feat. Datura) [Official Visualizer].mp3
Gabry Ponte,Geordie,C:\Users\acoac\OneDrive\DjAco\TRACCE\tabboz\techno 2024\Gabry Ponte - Geordie.mp3
"Max Monti, Mauro Pilato",Gam Gam,"C:\Users\acoac\OneDrive\DjAco\TRACCE\tabboz\techno 2024\GAM GAM - Max Monti, Mauro Pilato (Deborah De Luca Remix).mp3"
HI-LO x Reinier Zonneveld,Saw Of Olympus,C:\Users\acoac\OneDrive\DjAco\TRACCE\tabboz\techno 2024\HI-LO x Reinier Zonneveld - Saw Of Olympus (Original Mix).mp3
Patrick Scuro & ALESSANDRO ZINGRILLO,Heartbeat,C:\Users\acoac\OneDrive\DjAco\TRACCE\tabboz\techno 2024\Patrick Scuro & ALESSANDRO ZINGRILLO - Heartbeat (Original Mix).mp3
ROBPM,You Got It,C:\Users\acoac\OneDrive\DjAco\TRACCE\tabboz\techno 2024\ROBPM - You Got It myfreemp3.vip .mp3
Sara Landry,Rebirth,C:\Users\acoac\OneDrive\DjAco\TRACCE\tabboz\techno 2024\Sara Landry - Rebirth myfreemp3.vip .mp3
NeuroBeatz,Sculpture,C:\Users\acoac\OneDrive\DjAco\TRACCE\tabboz\techno 2024\Sculpture (NeuroBeatz Remix).mp3
,Tell my why,C:\Users\acoac\OneDrive\DjAco\TRACCE\tabboz\techno 2024\Supermode - Tell Me Why (Meduza Remix).mp3
The Prophet,Wanna Play,C:\Users\acoac\OneDrive\DjAco\TRACCE\tabboz\techno 2024\The Prophet - Wanna Play_ (Official Videoclip).mp3
